amount,amount_net_flow,amount_usd,amount_usd_net_flow,etf_ticker,issuer,time
0.0,,0.0,,ARKB,21Shares,2025-06-12 00:00:00.000 UTC
0.0,,0.0,,BTC,Grayscale Mini,2025-08-09 00:00:00.000 UTC
0.0,0.0,0.0,0.0,IBIT,BlackRock,2025-07-05 00:00:00.000 UTC
0.0,,0.0,,BTCO,Invesco,2025-07-15 00:00:00.000 UTC
199.40586063,,24284158.18058322,,ARKB,21Shares,2025-07-14 00:00:00.000 UTC
88.5820584,,9613724.873555351,,BTC,Grayscale Mini,2025-06-09 00:00:00.000 UTC
0.0,,0.0,,FBTC,Fidelity,2025-09-01 00:00:00.000 UTC
0.0,-0.00013103999999999997,0.0,-13.573182200400005,IBIT,BlackRock,2025-06-21 00:00:00.000 UTC
0.0,,0.0,,BTCW,WisdomTree,2025-08-05 00:00:00.000 UTC
-93.05928071000017,,-10088621.763267577,,ARKB,21Shares,2025-07-08 00:00:00.000 UTC
0.0,,0.0,,BTC,Grayscale Mini,2025-07-01 00:00:00.000 UTC
1158.1898568200004,1493.1559054000002,138115993.04965514,178146752.2105414,IBIT,BlackRock,2025-08-12 00:00:00.000 UTC
0.0,,0.0,,EZBC,Franklin Templeton,2025-08-19 00:00:00.000 UTC
0.0,,0.0,,BRRR,Valkyrie,2025-06-14 00:00:00.000 UTC
-49.493707619999995,,-5833242.755979018,,HODL,VanEck,2025-08-14 00:00:00.000 UTC
0.0,,0.0,,GBTC,Grayscale,2025-08-27 00:00:00.000 UTC
-1723.34658885,,-187542258.89756176,,FBTC,Fidelity,2025-06-12 00:00:00.000 UTC
-681.3473824600001,-854.6148111299995,-77783489.31797609,-97524440.24672507,IBIT,BlackRock,2025-08-06 00:00:00.000 UTC
9.635056018005364e-14,,-0.005408296035958937,,HODL,VanEck,2025-06-23 00:00:00.000 UTC
0.0,,0.0,,BTCO,Invesco,2025-06-28 00:00:00.000 UTC
0.0,0.0,0.0,0.0,IBIT,BlackRock,2025-08-09 00:00:00.000 UTC
721.8429572,,84827217.91582008,,BTC,Grayscale Mini,2025-07-11 00:00:00.000 UTC
43.60617478,,4820670.47104046,,FBTC,Fidelity,2025-08-29 00:00:00.000 UTC
86.84940576,,9481651.862751244,,EZBC,Franklin Templeton,2025-07-03 00:00:00.000 UTC
2.906774145927486e-14,,-0.003683699422158959,,BITB,Bitwise,2025-07-08 00:00:00.000 UTC
57.89722032,,6850799.178054811,,EZBC,Franklin Templeton,2025-07-16 00:00:00.000 UTC
177.1386480000001,,21231312.247495383,,BTC,Grayscale Mini,2025-07-14 00:00:00.000 UTC
1387.6680879599999,1902.3572588499999,150897390.87238494,206699778.7785205,IBIT,BlackRock,2025-07-08 00:00:00.000 UTC
0.0,,0.0,,GBTC,Grayscale,2025-06-07 00:00:00.000 UTC
-457.97,,-53949305.651200004,,FBTC,Fidelity,2025-07-31 00:00:00.000 UTC
0.0,,0.0,,BTCW,WisdomTree,2025-06-17 00:00:00.000 UTC
0.0,,0.0,,BTCO,Invesco,2025-08-16 00:00:00.000 UTC
62.9285576,,7410308.992296424,,GBTC,Grayscale,2025-07-23 00:00:00.000 UTC
0.0,,0.0,,BTC,Grayscale Mini,2025-09-01 00:00:00.000 UTC
610.71172988,,66246582.36457777,,FBTC,Fidelity,2025-07-08 00:00:00.000 UTC
0.0,,0.0,,HODL,VanEck,2025-07-01 00:00:00.000 UTC
6088.42474658,4047.654067109999,636864675.2644739,423370593.3528141,IBIT,BlackRock,2025-06-18 00:00:00.000 UTC
-125.0902371300001,,-14683514.839320928,,BITB,Bitwise,2025-07-29 00:00:00.000 UTC
0.0,,0.0,,BTCW,WisdomTree,2025-07-13 00:00:00.000 UTC
0.0,,0.0,,EZBC,Franklin Templeton,2025-06-10 00:00:00.000 UTC
0.0,,0.0,,BTCW,WisdomTree,2025-06-21 00:00:00.000 UTC
0.0,,0.0,,HODL,VanEck,2025-08-02 00:00:00.000 UTC
0.0,,0.0,,EZBC,Franklin Templeton,2025-06-29 00:00:00.000 UTC
-133.90344571000003,-2012.2559802200003,-13902343.142154586,-210677815.04922974,IBIT,BlackRock,2025-06-06 00:00:00.000 UTC
-741.3653102,,-92065477.55715367,,FBTC,Fidelity,2025-08-14 00:00:00.000 UTC
57.571007,,6233254.95472511,,BTC,Grayscale Mini,2025-07-08 00:00:00.000 UTC
-78.56694310000002,,-8884056.092659956,,GBTC,Grayscale,2025-08-21 00:00:00.000 UTC
-57.89197844,,-6644825.499451309,,EZBC,Franklin Templeton,2025-08-04 00:00:00.000 UTC
-1267.6555210100003,,-148443412.25191176,,ARKB,21Shares,2025-08-15 00:00:00.000 UTC
0.0,,0.0,,GBTC,Grayscale,2025-07-06 00:00:00.000 UTC
0.0,,0.0,,EZBC,Franklin Templeton,2025-08-17 00:00:00.000 UTC
0.0,,0.0,,GBTC,Grayscale,2025-06-04 00:00:00.000 UTC
0.0,,0.0,,BTCO,Invesco,2025-08-13 00:00:00.000 UTC
56.56423016,,6250431.147740637,,HODL,VanEck,2025-08-26 00:00:00.000 UTC
-147.87991713999998,,-17356546.091988917,,ARKB,21Shares,2025-07-29 00:00:00.000 UTC
14.618780430000015,,1563370.484303534,,ARKB,21Shares,2025-06-27 00:00:00.000 UTC
0.0,,0.0,,BRRR,Valkyrie,2025-06-20 00:00:00.000 UTC
109.69531056,,11822766.411090374,,ARKB,21Shares,2025-06-09 00:00:00.000 UTC
0.0,,0.0,,FBTC,Fidelity,2025-08-03 00:00:00.000 UTC
0.0,,0.0,,EZBC,Franklin Templeton,2025-08-14 00:00:00.000 UTC
0.0,,0.0,,BITB,Bitwise,2025-08-09 00:00:00.000 UTC
0.0,,0.0,,HODL,VanEck,2025-06-29 00:00:00.000 UTC
0.0,,0.0,,BTCW,WisdomTree,2025-08-08 00:00:00.000 UTC
0.0,,0.0,,HODL,VanEck,2025-08-06 00:00:00.000 UTC
0.0,,0.0,,BRRR,Valkyrie,2025-07-22 00:00:00.000 UTC
0.0,,-0.4474599999995803,,GBTC,Grayscale,2025-06-10 00:00:00.000 UTC
0.0,,0.0,,BTCW,WisdomTree,2025-08-02 00:00:00.000 UTC
0.0,,0.0,,BTCW,WisdomTree,2025-07-31 00:00:00.000 UTC
711.02603257,,78022379.42098157,,ARKB,21Shares,2025-08-29 00:00:00.000 UTC
54.3915045800004,,6623937.213919222,,BITB,Bitwise,2025-07-14 00:00:00.000 UTC
2271.85874111,2945.6862713200003,243616804.93718883,315866391.48876166,IBIT,BlackRock,2025-06-16 00:00:00.000 UTC
0.0,,0.0,,BRRR,Valkyrie,2025-08-11 00:00:00.000 UTC
0.0,,0.0,,FBTC,Fidelity,2025-06-15 00:00:00.000 UTC
0.0,,0.0,,BTCO,Invesco,2025-06-13 00:00:00.000 UTC
431.30235311,,50592776.10705189,,HODL,VanEck,2025-07-25 00:00:00.000 UTC
0.0,,0.0,,BTCW,WisdomTree,2025-07-04 00:00:00.000 UTC
-261.0345835199999,,-30567345.50612963,,BITB,Bitwise,2025-08-15 00:00:00.000 UTC
0.0,,0.0,,BTCO,Invesco,2025-08-26 00:00:00.000 UTC
-699.3897154899998,,-80876594.42550215,,GBTC,Grayscale,2025-08-18 00:00:00.000 UTC
215.63937538000005,,23929515.66826268,,BITB,Bitwise,2025-08-29 00:00:00.000 UTC
1.1823441531388923e-13,,-1.023119686663108,,BTC,Grayscale Mini,2025-06-12 00:00:00.000 UTC
0.0,,0.0,,BITB,Bitwise,2025-06-23 00:00:00.000 UTC
0.0,,0.0,,BRRR,Valkyrie,2025-06-26 00:00:00.000 UTC
42.81835609000004,,4631843.939042172,,BTC,Grayscale Mini,2025-08-29 00:00:00.000 UTC
0.0,,0.0,,BTCW,WisdomTree,2025-07-14 00:00:00.000 UTC
0.0,,0.0,,BTCW,WisdomTree,2025-08-15 00:00:00.000 UTC
0.0,,0.0,,GBTC,Grayscale,2025-08-24 00:00:00.000 UTC
0.0,,0.0,,BTCO,Invesco,2025-06-08 00:00:00.000 UTC
0.0,,0.0,,BRRR,Valkyrie,2025-07-13 00:00:00.000 UTC
0.0,,0.0,,ARKB,21Shares,2025-07-25 00:00:00.000 UTC
0.0,,0.0,,FBTC,Fidelity,2025-07-28 00:00:00.000 UTC
0.0,3764.2052239600002,0.0,411555272.4530434,IBIT,BlackRock,2025-07-03 00:00:00.000 UTC
0.0,,0.0,,EZBC,Franklin Templeton,2025-07-27 00:00:00.000 UTC
0.0,,0.0,,BRRR,Valkyrie,2025-06-11 00:00:00.000 UTC
592.90203568,,64644743.35594957,,BITB,Bitwise,2025-07-03 00:00:00.000 UTC
35.35264665,,3976219.287244849,,HODL,VanEck,2025-08-27 00:00:00.000 UTC
0.0,,0.0,,BTC,Grayscale Mini,2025-07-13 00:00:00.000 UTC
0.0,,0.0,,HODL,VanEck,2025-07-20 00:00:00.000 UTC
0.0,,0.0,,EZBC,Franklin Templeton,2025-08-07 00:00:00.000 UTC
0.0,,0.0,,FBTC,Fidelity,2025-08-18 00:00:00.000 UTC
2680.69653191,3340.17041062,277639304.2658739,347783836.8531337,IBIT,BlackRock,2025-06-20 00:00:00.000 UTC
0.0,,0.0,,HODL,VanEck,2025-07-02 00:00:00.000 UTC
0.0,,0.0,,ARKB,21Shares,2025-06-15 00:00:00.000 UTC
0.0,,0.0,,ARKB,21Shares,2025-08-03 00:00:00.000 UTC
4134.45138773,5605.182861629999,444032989.3526097,601632105.4306247,IBIT,BlackRock,2025-06-25 00:00:00.000 UTC
-217.57992090000022,,-23566037.716694824,,BITB,Bitwise,2025-07-02 00:00:00.000 UTC
7486.32739528,7913.73479731,899994899.8371342,951983778.6818689,IBIT,BlackRock,2025-07-14 00:00:00.000 UTC
0.0,,0.0,,BTCO,Invesco,2025-06-27 00:00:00.000 UTC
0.0,,0.0,,BTCW,WisdomTree,2025-08-06 00:00:00.000 UTC
-55.12816798999994,,-5796975.459919546,,GBTC,Grayscale,2025-06-24 00:00:00.000 UTC
0.0,,0.0,,BTCO,Invesco,2025-06-25 00:00:00.000 UTC
61.98986542,,7259059.733081065,,BTC,Grayscale Mini,2025-08-15 00:00:00.000 UTC
0.0,0.0,0.0,0.0,IBIT,BlackRock,2025-08-10 00:00:00.000 UTC
0.0,0.0,0.0,0.0,IBIT,BlackRock,2025-06-15 00:00:00.000 UTC
-78.63159280000127,,-9101008.172060609,,GBTC,Grayscale,2025-08-01 00:00:00.000 UTC
0.0,,0.0,,BTC,Grayscale Mini,2025-08-25 00:00:00.000 UTC
0.0,,0.0,,BRRR,Valkyrie,2025-08-22 00:00:00.000 UTC
0.0,,0.0,,BTC,Grayscale Mini,2025-08-06 00:00:00.000 UTC
0.0,,0.0,,BTC,Grayscale Mini,2025-06-27 00:00:00.000 UTC
0.0,,0.0,,BITB,Bitwise,2025-06-21 00:00:00.000 UTC
5805.250503099999,6102.9416942,689610469.2762108,724760104.5233424,IBIT,BlackRock,2025-07-17 00:00:00.000 UTC
0.0,,0.0,,ARKB,21Shares,2025-09-01 00:00:00.000 UTC
0.0,,0.0,,ARKB,21Shares,2025-07-06 00:00:00.000 UTC
0.0,,0.0,,BTCW,WisdomTree,2025-06-14 00:00:00.000 UTC
0.0,,0.0,,BTC,Grayscale Mini,2025-06-08 00:00:00.000 UTC
0.0,,0.0,,FBTC,Fidelity,2025-08-23 00:00:00.000 UTC
-7.641559910884221e-13,1.5340748352079929e-12,0.04288490850406923,0.04288489755375213,IBIT,BlackRock,2025-08-23 00:00:00.000 UTC
0.0,,0.0,,GBTC,Grayscale,2025-06-29 00:00:00.000 UTC
0.0,,0.0,,FBTC,Fidelity,2025-07-22 00:00:00.000 UTC
169.69272744,,20332275.458024133,,HODL,VanEck,2025-07-14 00:00:00.000 UTC
0.0,,0.0,,BRRR,Valkyrie,2025-06-05 00:00:00.000 UTC
0.0,,0.0,,EZBC,Franklin Templeton,2025-06-24 00:00:00.000 UTC
0.0,,0.0,,BITB,Bitwise,2025-07-17 00:00:00.000 UTC
-1.0495915700000245,,-114659.57357430679,,BTCO,Invesco,2025-07-02 00:00:00.000 UTC
-416.78069680000124,,-49006527.97076301,,GBTC,Grayscale,2025-07-30 00:00:00.000 UTC
-589.712709749999,,-67486382.8022176,,GBTC,Grayscale,2025-08-04 00:00:00.000 UTC
0.0,,0.0,,BITB,Bitwise,2025-08-17 00:00:00.000 UTC
108.78214426999993,,12961828.710707502,,BITB,Bitwise,2025-07-16 00:00:00.000 UTC
0.0,,0.0,,EZBC,Franklin Templeton,2025-08-27 00:00:00.000 UTC
0.0,,0.0,,HODL,VanEck,2025-08-15 00:00:00.000 UTC
0.0,,0.0,,BRRR,Valkyrie,2025-07-07 00:00:00.000 UTC
-3.0,,-307839.7199999988,,ARKB,21Shares,2025-06-23 00:00:00.000 UTC
0.0,,0.0,,BTCO,Invesco,2025-08-17 00:00:00.000 UTC
0.0,,0.0,,BTCW,WisdomTree,2025-07-01 00:00:00.000 UTC
0.0,,0.0,,BTCO,Invesco,2025-08-30 00:00:00.000 UTC
0.0,,0.0,,BTCW,WisdomTree,2025-07-05 00:00:00.000 UTC
0.0,,0.0,,BRRR,Valkyrie,2025-08-16 00:00:00.000 UTC
0.0,,0.0,,BRRR,Valkyrie,2025-06-18 00:00:00.000 UTC
0.0,,0.0,,BTCO,Invesco,2025-07-12 00:00:00.000 UTC
141.7120832,,16067808.398420094,,BTC,Grayscale Mini,2025-07-10 00:00:00.000 UTC
0.0,,0.0,,BTCW,WisdomTree,2025-08-19 00:00:00.000 UTC
0.0,,0.0,,BTCO,Invesco,2025-07-16 00:00:00.000 UTC
-217.59648877999985,,-22767423.08017081,,BITB,Bitwise,2025-06-18 00:00:00.000 UTC
218.15362720000002,,23358671.211943265,,FBTC,Fidelity,2025-06-09 00:00:00.000 UTC
314.9016084,,34498696.16747668,,GBTC,Grayscale,2025-07-03 00:00:00.000 UTC
28.94277964,,3354954.9778295453,,EZBC,Franklin Templeton,2025-08-22 00:00:00.000 UTC
26.48682941,,3099667.298788423,,BTCW,WisdomTree,2025-07-18 00:00:00.000 UTC
0.0,,0.0,,ARKB,21Shares,2025-07-20 00:00:00.000 UTC
2707.1776683999997,,318911361.31560683,,FBTC,Fidelity,2025-07-11 00:00:00.000 UTC
0.0,,0.0,,BITB,Bitwise,2025-08-30 00:00:00.000 UTC
0.0,,0.0,,GBTC,Grayscale,2025-07-26 00:00:00.000 UTC
0.0,,0.0,,BITB,Bitwise,2025-06-19 00:00:00.000 UTC
0.0,,0.0,,ARKB,21Shares,2025-08-02 00:00:00.000 UTC
1592.5048221499999,,174301882.6866538,,FBTC,Fidelity,2025-06-10 00:00:00.000 UTC
0.0,,0.0,,BTCO,Invesco,2025-07-20 00:00:00.000 UTC
2703.69638182,1854.7016060600001,282790308.57069707,194078307.8264889,IBIT,BlackRock,2025-06-05 00:00:00.000 UTC
0.0,,0.0,,FBTC,Fidelity,2025-07-06 00:00:00.000 UTC
0.0,,0.0,,ARKB,21Shares,2025-08-10 00:00:00.000 UTC
0.0,,0.0,,EZBC,Franklin Templeton,2025-07-07 00:00:00.000 UTC
0.0,,0.0,,HODL,VanEck,2025-08-29 00:00:00.000 UTC
0.0,-2487.24129316,0.0,-297033366.040143,IBIT,BlackRock,2025-07-23 00:00:00.000 UTC
0.0,,0.0,,BTCW,WisdomTree,2025-06-23 00:00:00.000 UTC
0.0,,0.0,,HODL,VanEck,2025-07-13 00:00:00.000 UTC
-1.2393791100000158,,-130990.33755584061,,BRRR,Valkyrie,2025-07-01 00:00:00.000 UTC
22.130313200000003,,2387042.6648724508,,GBTC,Grayscale,2025-06-16 00:00:00.000 UTC
0.0,,0.0,,FBTC,Fidelity,2025-08-17 00:00:00.000 UTC
0.0,0.0,0.0,0.0,IBIT,BlackRock,2025-08-17 00:00:00.000 UTC
57.8832922,,6555263.740163574,,EZBC,Franklin Templeton,2025-08-28 00:00:00.000 UTC
976.48680654,-121.63432613999987,113496360.33123663,-13593815.403220922,IBIT,BlackRock,2025-08-18 00:00:00.000 UTC
0.0,,0.0,,BRRR,Valkyrie,2025-08-08 00:00:00.000 UTC
794.9307361900001,947.0206180000005,93878879.75814588,111741463.11721078,IBIT,BlackRock,2025-07-28 00:00:00.000 UTC
0.0,,0.0,,BTCW,WisdomTree,2025-07-19 00:00:00.000 UTC
1068.81919144,,114660323.13512284,,FBTC,Fidelity,2025-06-26 00:00:00.000 UTC
-353.52773602,,-41665074.95805992,,BITB,Bitwise,2025-07-23 00:00:00.000 UTC
0.0,,0.0,,GBTC,Grayscale,2025-07-12 00:00:00.000 UTC
0.0,,0.0,,ARKB,21Shares,2025-07-19 00:00:00.000 UTC
33.91678712,,3691657.770690067,,BRRR,Valkyrie,2025-07-08 00:00:00.000 UTC
-337.18882653,,-38962860.14263589,,BITB,Bitwise,2025-08-04 00:00:00.000 UTC
0.0,,0.0,,BITB,Bitwise,2025-08-18 00:00:00.000 UTC
0.0,,0.0,,BTCW,WisdomTree,2025-06-29 00:00:00.000 UTC
-172.92891475999966,,-19701790.950509816,,GBTC,Grayscale,2025-08-06 00:00:00.000 UTC
0.0,,0.0,,BTC,Grayscale Mini,2025-07-02 00:00:00.000 UTC
-708.0578101899998,,-75519216.38936281,,ARKB,21Shares,2025-06-03 00:00:00.000 UTC
0.0,,0.0,,EZBC,Franklin Templeton,2025-06-11 00:00:00.000 UTC
-1919.15,,-230145465.958,,FBTC,Fidelity,2025-07-23 00:00:00.000 UTC
0.0,,0.0,,GBTC,Grayscale,2025-06-21 00:00:00.000 UTC
233.90488651,,25024314.286287174,,BITB,Bitwise,2025-06-27 00:00:00.000 UTC
84.79062925999999,,9431776.501676533,,BTCO,Invesco,2025-07-10 00:00:00.000 UTC
0.0,,0.0,,HODL,VanEck,2025-08-09 00:00:00.000 UTC
0.0,,0.0,,EZBC,Franklin Templeton,2025-06-05 00:00:00.000 UTC
0.0,,0.0,,BTC,Grayscale Mini,2025-08-23 00:00:00.000 UTC
-559.87892716,,-63599105.952206574,,ARKB,21Shares,2025-08-20 00:00:00.000 UTC
-1.8189894035458565e-12,,-0.07820892333984375,,GBTC,Grayscale,2025-07-18 00:00:00.000 UTC
0.0,,0.0,,HODL,VanEck,2025-07-08 00:00:00.000 UTC
-46.040947930000016,,-5290072.228083968,,BTCO,Invesco,2025-08-04 00:00:00.000 UTC
0.0,,0.0,,BTCO,Invesco,2025-07-04 00:00:00.000 UTC
0.0,,0.0,,BTC,Grayscale Mini,2025-07-23 00:00:00.000 UTC
1405.9245575599998,,151461271.97941,,ARKB,21Shares,2025-06-30 00:00:00.000 UTC
0.0,,0.0,,FBTC,Fidelity,2025-07-02 00:00:00.000 UTC
16.942880739999964,,1782174.5017307252,,ARKB,21Shares,2025-06-24 00:00:00.000 UTC
0.0,,0.0,,BTCO,Invesco,2025-06-07 00:00:00.000 UTC
62.87682656,,7511123.599229574,,GBTC,Grayscale,2025-08-12 00:00:00.000 UTC
0.0,,0.0,,EZBC,Franklin Templeton,2025-08-02 00:00:00.000 UTC
0.0,,0.0,,BTCW,WisdomTree,2025-08-14 00:00:00.000 UTC
0.0,,0.0,,FBTC,Fidelity,2025-06-06 00:00:00.000 UTC
28.94501911,,3381197.645374904,,EZBC,Franklin Templeton,2025-08-08 00:00:00.000 UTC
125.77949616,,14613197.705724653,,GBTC,Grayscale,2025-08-07 00:00:00.000 UTC
-354.14785574999996,,-41691964.23972626,,GBTC,Grayscale,2025-07-11 00:00:00.000 UTC
0.0,,0.0,,BRRR,Valkyrie,2025-06-17 00:00:00.000 UTC
582.77895663,,64303372.56846909,,ARKB,21Shares,2025-08-26 00:00:00.000 UTC
0.0,,0.0,,HODL,VanEck,2025-06-18 00:00:00.000 UTC
0.0,,0.0,,BTCW,WisdomTree,2025-07-24 00:00:00.000 UTC
0.0,,0.0,,BTCO,Invesco,2025-08-25 00:00:00.000 UTC
0.0,,0.0,,HODL,VanEck,2025-08-03 00:00:00.000 UTC
0.0,,0.0,,BRRR,Valkyrie,2025-08-02 00:00:00.000 UTC
0.0,,0.0,,HODL,VanEck,2025-06-12 00:00:00.000 UTC
0.0,,0.0,,EZBC,Franklin Templeton,2025-07-13 00:00:00.000 UTC
261.67340772,,31425271.771821745,,FBTC,Fidelity,2025-08-11 00:00:00.000 UTC
0.0,,0.0,,BRRR,Valkyrie,2025-06-25 00:00:00.000 UTC
-1241.5500307999998,,-134010979.43102323,,FBTC,Fidelity,2025-06-17 00:00:00.000 UTC
0.0,,0.0,,HODL,VanEck,2025-06-28 00:00:00.000 UTC
39.89190743999999,,4713929.365930646,,BTCO,Invesco,2025-08-14 00:00:00.000 UTC
0.0,,0.0,,BTCO,Invesco,2025-06-16 00:00:00.000 UTC
0.0,,0.0,,BRRR,Valkyrie,2025-07-23 00:00:00.000 UTC
-218.11,,-25949715.7696,,FBTC,Fidelity,2025-07-14 00:00:00.000 UTC
0.0,,0.0,,BRRR,Valkyrie,2025-08-23 00:00:00.000 UTC
0.0,,0.0,,BITB,Bitwise,2025-06-12 00:00:00.000 UTC
363.36358784,961.64603231,42294396.79820169,112107160.37092254,IBIT,BlackRock,2025-08-07 00:00:00.000 UTC
0.0,,0.0,,BITB,Bitwise,2025-07-13 00:00:00.000 UTC
0.0,,0.0,,BTCW,WisdomTree,2025-08-22 00:00:00.000 UTC
56.56422744,,5994975.483212084,,HODL,VanEck,2025-06-24 00:00:00.000 UTC
59.84932777,,7051484.904444617,,BTCO,Invesco,2025-07-18 00:00:00.000 UTC
0.0,,0.0,,GBTC,Grayscale,2025-07-20 00:00:00.000 UTC
0.0,,0.0,,BTCW,WisdomTree,2025-08-03 00:00:00.000 UTC
0.0,0.0,0.0,0.0,IBIT,BlackRock,2025-06-14 00:00:00.000 UTC
49.838560050000005,,5643288.931674369,,ARKB,21Shares,2025-08-28 00:00:00.000 UTC
0.0,,0.0,,FBTC,Fidelity,2025-08-15 00:00:00.000 UTC
0.0,,0.0,,EZBC,Franklin Templeton,2025-07-24 00:00:00.000 UTC
0.0,,0.0,,BRRR,Valkyrie,2025-07-28 00:00:00.000 UTC
0.0,,0.0,,ARKB,21Shares,2025-07-27 00:00:00.000 UTC
-432.5804972500002,,-51297601.66343153,,GBTC,Grayscale,2025-07-28 00:00:00.000 UTC
92.47451004,,9909620.281612024,,BITB,Bitwise,2025-06-25 00:00:00.000 UTC
0.0,,0.0,,BTCW,WisdomTree,2025-06-05 00:00:00.000 UTC
-4.6716374258598536e-14,,0.00044837100902217486,,BTCO,Invesco,2025-06-26 00:00:00.000 UTC
0.0,,0.0,,FBTC,Fidelity,2025-08-02 00:00:00.000 UTC
182.4854447,,20020409.987098757,,ARKB,21Shares,2025-06-11 00:00:00.000 UTC
0.0,,0.0,,BTCW,WisdomTree,2025-06-10 00:00:00.000 UTC
0.0,,0.0,,HODL,VanEck,2025-07-26 00:00:00.000 UTC
0.0,,0.0,,GBTC,Grayscale,2025-07-09 00:00:00.000 UTC
0.0,,0.0,,FBTC,Fidelity,2025-06-13 00:00:00.000 UTC
0.0,,0.0,,BTCO,Invesco,2025-08-11 00:00:00.000 UTC
0.0,,0.0,,EZBC,Franklin Templeton,2025-07-18 00:00:00.000 UTC
0.0,,0.0,,FBTC,Fidelity,2025-06-18 00:00:00.000 UTC
119.55335724,,14289130.345944945,,BTC,Grayscale Mini,2025-08-12 00:00:00.000 UTC
0.0,,0.0,,BTC,Grayscale Mini,2025-08-31 00:00:00.000 UTC
-196.28,,-23513270.3484,,FBTC,Fidelity,2025-07-15 00:00:00.000 UTC
0.0,,0.0,,BTC,Grayscale Mini,2025-06-14 00:00:00.000 UTC
-1249.64137125,-457.85581347999994,-134023649.67398457,-48814345.87642519,IBIT,BlackRock,2025-06-09 00:00:00.000 UTC
0.0,,0.0,,BTCW,WisdomTree,2025-06-15 00:00:00.000 UTC
-0.00013103999999999997,,-13.573182200400005,,BTCO,Invesco,2025-06-21 00:00:00.000 UTC
0.0,,0.0,,BTCW,WisdomTree,2025-07-07 00:00:00.000 UTC
370.70767051999997,,43191838.934647284,,FBTC,Fidelity,2025-08-08 00:00:00.000 UTC
0.0,,0.0,,BITB,Bitwise,2025-08-10 00:00:00.000 UTC
0.0,,0.0,,BRRR,Valkyrie,2025-06-06 00:00:00.000 UTC
0.0,,0.0,,HODL,VanEck,2025-08-21 00:00:00.000 UTC
0.0,,0.0,,ARKB,21Shares,2025-08-09 00:00:00.000 UTC
0.0,,0.0,,BTCW,WisdomTree,2025-09-01 00:00:00.000 UTC
0.0,,0.0,,EZBC,Franklin Templeton,2025-06-22 00:00:00.000 UTC
1191.2005957400002,2051.8496030600004,138390787.17663646,238881389.68770537,IBIT,BlackRock,2025-08-08 00:00:00.000 UTC
169.69272672,,19122800.64362184,,HODL,VanEck,2025-08-25 00:00:00.000 UTC
0.0,,0.0,,BRRR,Valkyrie,2025-07-09 00:00:00.000 UTC
0.0,,0.0,,GBTC,Grayscale,2025-08-11 00:00:00.000 UTC
118.1657814,,12325833.663126137,,GBTC,Grayscale,2025-06-17 00:00:00.000 UTC
-590.4508252999999,-3227.0253925199986,-68170783.66632473,-373922869.9648606,IBIT,BlackRock,2025-08-19 00:00:00.000 UTC
0.0,,0.0,,BITB,Bitwise,2025-08-02 00:00:00.000 UTC
0.0,0.0,0.0,0.0,IBIT,BlackRock,2025-08-02 00:00:00.000 UTC
-1677.08,,-179802178.56599998,,FBTC,Fidelity,2025-07-01 00:00:00.000 UTC
-835.455196169999,-1091.1024755400035,-94044066.74590716,-122047495.90653996,IBIT,BlackRock,2025-08-22 00:00:00.000 UTC
48.719532290000075,,5309442.254141189,,BTC,Grayscale Mini,2025-06-10 00:00:00.000 UTC
0.0,,0.0,,BITB,Bitwise,2025-07-27 00:00:00.000 UTC
0.0,,0.0,,HODL,VanEck,2025-06-16 00:00:00.000 UTC
0.0,,0.0,,HODL,VanEck,2025-08-19 00:00:00.000 UTC
-157.54142580000004,,-16715736.057726758,,GBTC,Grayscale,2025-06-20 00:00:00.000 UTC
29.921711929999997,,3453392.2403341224,,BTCO,Invesco,2025-08-01 00:00:00.000 UTC
1044.93476382,-728.1094837399999,111559381.41034505,-78496954.61557277,IBIT,BlackRock,2025-07-01 00:00:00.000 UTC
0.0,,0.0,,BTCW,WisdomTree,2025-08-18 00:00:00.000 UTC
70.86360928,,7644395.552449866,,BTC,Grayscale Mini,2025-06-16 00:00:00.000 UTC
0.0,,0.0,,BRRR,Valkyrie,2025-08-24 00:00:00.000 UTC
0.0,,0.0,,HODL,VanEck,2025-07-12 00:00:00.000 UTC
0.0,,0.0,,GBTC,Grayscale,2025-07-07 00:00:00.000 UTC
-5.440118190000021,,-597643.8769903183,,BITB,Bitwise,2025-06-11 00:00:00.000 UTC
-27.188899350000014,,-3070803.1194110718,,BITB,Bitwise,2025-08-28 00:00:00.000 UTC
0.0,,0.0,,BTC,Grayscale Mini,2025-06-28 00:00:00.000 UTC
380.79496236,,39484743.88559711,,BITB,Bitwise,2025-06-17 00:00:00.000 UTC
-113.48142233999988,,-13324046.677250128,,GBTC,Grayscale,2025-07-15 00:00:00.000 UTC
5.43931965999991,,543101.3666937947,,GBTC,Grayscale,2025-06-13 00:00:00.000 UTC
0.0,,0.0,,BRRR,Valkyrie,2025-06-07 00:00:00.000 UTC
0.0,,0.0,,BTCO,Invesco,2025-08-29 00:00:00.000 UTC
2044.40619197,5438.57090757,221450705.10958576,588882321.1781762,IBIT,BlackRock,2025-07-07 00:00:00.000 UTC
-314.65571920000116,,-37545147.75929995,,GBTC,Grayscale,2025-07-22 00:00:00.000 UTC
44.88866138,,5466911.514312785,,BTCO,Invesco,2025-07-14 00:00:00.000 UTC
-87.24154115999998,,-10487008.05227349,,FBTC,Fidelity,2025-07-18 00:00:00.000 UTC
0.0,,0.0,,BRRR,Valkyrie,2025-06-21 00:00:00.000 UTC
34.91678811,,3767611.173214443,,BTCO,Invesco,2025-06-30 00:00:00.000 UTC
0.0,,0.0,,EZBC,Franklin Templeton,2025-06-08 00:00:00.000 UTC
0.0,,0.0,,BRRR,Valkyrie,2025-07-03 00:00:00.000 UTC
0.0,,0.0,,HODL,VanEck,2025-08-13 00:00:00.000 UTC
0.0,,0.0,,EZBC,Franklin Templeton,2025-08-06 00:00:00.000 UTC
0.0,,0.0,,EZBC,Franklin Templeton,2025-06-21 00:00:00.000 UTC
0.0,,0.0,,BTCW,WisdomTree,2025-08-17 00:00:00.000 UTC
97.43346074,,10296216.657615412,,BTC,Grayscale Mini,2025-06-24 00:00:00.000 UTC
0.0,,0.0,,BITB,Bitwise,2025-06-28 00:00:00.000 UTC
0.0,,0.0,,BTCW,WisdomTree,2025-07-03 00:00:00.000 UTC
0.0,,0.0,,BTCO,Invesco,2025-06-12 00:00:00.000 UTC
0.0,,0.0,,ARKB,21Shares,2025-08-23 00:00:00.000 UTC
101.83547114,,11453744.000593353,,BTC,Grayscale Mini,2025-08-27 00:00:00.000 UTC
0.0,,0.0,,BTC,Grayscale Mini,2025-08-19 00:00:00.000 UTC
0.0,,0.0,,BTC,Grayscale Mini,2025-07-26 00:00:00.000 UTC
0.0,,0.0,,BTCW,WisdomTree,2025-07-29 00:00:00.000 UTC
157.2179088,,18299148.95662915,,GBTC,Grayscale,2025-08-08 00:00:00.000 UTC
415.47429157,,44552134.24794131,,ARKB,21Shares,2025-06-25 00:00:00.000 UTC
-2180.47,,-253564261.54069996,,FBTC,Fidelity,2025-08-19 00:00:00.000 UTC
0.0,,0.0,,BTCW,WisdomTree,2025-06-19 00:00:00.000 UTC
59.82067201,,7234730.617297723,,BITB,Bitwise,2025-08-14 00:00:00.000 UTC
0.0,,0.0,,FBTC,Fidelity,2025-07-24 00:00:00.000 UTC
0.0,,0.0,,EZBC,Franklin Templeton,2025-08-18 00:00:00.000 UTC
-28.282127200000005,,-3329579.597558398,,HODL,VanEck,2025-07-18 00:00:00.000 UTC
102.57011984000013,,11060651.24849077,,BITB,Bitwise,2025-06-30 00:00:00.000 UTC
-1.124349489999986,,-119964.11038580537,,BTCO,Invesco,2025-06-03 00:00:00.000 UTC
0.0,0.0,0.0,0.0,IBIT,BlackRock,2025-08-03 00:00:00.000 UTC
199.4379868,,21486289.963128693,,ARKB,21Shares,2025-06-16 00:00:00.000 UTC
-16.31661209999975,,-1939001.0900705159,,BITB,Bitwise,2025-07-24 00:00:00.000 UTC
0.0,,0.0,,GBTC,Grayscale,2025-07-01 00:00:00.000 UTC
0.0,,0.0,,BTC,Grayscale Mini,2025-07-27 00:00:00.000 UTC
70.7053043,,7685886.470906372,,HODL,VanEck,2025-06-10 00:00:00.000 UTC
0.0,0.0,0.0,0.0,IBIT,BlackRock,2025-06-22 00:00:00.000 UTC
0.0,,0.0,,FBTC,Fidelity,2025-08-13 00:00:00.000 UTC
0.0,,0.0,,BRRR,Valkyrie,2025-06-27 00:00:00.000 UTC
63.63476667,,7592390.644583373,,HODL,VanEck,2025-07-16 00:00:00.000 UTC
0.0,,0.0,,BTCO,Invesco,2025-08-23 00:00:00.000 UTC
0.0,0.0,0.0,0.0,IBIT,BlackRock,2025-07-04 00:00:00.000 UTC
-0.33174138999993374,,-37894.56410932541,,BTCW,WisdomTree,2025-08-04 00:00:00.000 UTC
166.168665279999,,19550840.264171362,,ARKB,21Shares,2025-07-17 00:00:00.000 UTC
-157.6440448000001,,-16632497.883313239,,GBTC,Grayscale,2025-06-03 00:00:00.000 UTC
0.0,,0.0,,BTCO,Invesco,2025-07-11 00:00:00.000 UTC
0.0,,0.0,,EZBC,Franklin Templeton,2025-06-26 00:00:00.000 UTC
141.42310135,,15294206.952419803,,BITB,Bitwise,2025-07-07 00:00:00.000 UTC
0.0,,0.0,,ARKB,21Shares,2025-07-04 00:00:00.000 UTC
0.0,,0.0,,BTCW,WisdomTree,2025-08-31 00:00:00.000 UTC
0.0,0.0,0.0,0.0,IBIT,BlackRock,2025-06-28 00:00:00.000 UTC
0.0,,0.0,,BTCO,Invesco,2025-08-15 00:00:00.000 UTC
0.0,,0.0,,EZBC,Franklin Templeton,2025-06-13 00:00:00.000 UTC
0.0,,0.0,,BRRR,Valkyrie,2025-06-30 00:00:00.000 UTC
0.0,,0.0,,BITB,Bitwise,2025-07-18 00:00:00.000 UTC
2993.53658223,2188.72722983,351986078.8410104,258101739.8062448,IBIT,BlackRock,2025-07-15 00:00:00.000 UTC
-1021.4122359999999,,-115870393.17248094,,GBTC,Grayscale,2025-08-20 00:00:00.000 UTC
109.0295067,,13051711.82010907,,FBTC,Fidelity,2025-08-12 00:00:00.000 UTC
0.0,,0.0,,BTC,Grayscale Mini,2025-07-12 00:00:00.000 UTC
0.0,0.0,0.0,0.0,IBIT,BlackRock,2025-08-16 00:00:00.000 UTC
0.0,,0.0,,GBTC,Grayscale,2025-07-19 00:00:00.000 UTC
0.0,,0.0,,BTCW,WisdomTree,2025-07-30 00:00:00.000 UTC
0.0,,0.0,,FBTC,Fidelity,2025-06-22 00:00:00.000 UTC
91.91688289000001,,10077639.276855558,,HODL,VanEck,2025-07-03 00:00:00.000 UTC
0.0,,0.0,,BITB,Bitwise,2025-07-05 00:00:00.000 UTC
0.0,,0.0,,GBTC,Grayscale,2025-07-13 00:00:00.000 UTC
0.0,,0.0,,HODL,VanEck,2025-08-04 00:00:00.000 UTC
-5.760230559999968,,-681319.6999085695,,BTC,Grayscale Mini,2025-07-31 00:00:00.000 UTC
0.0,,0.0,,EZBC,Franklin Templeton,2025-08-16 00:00:00.000 UTC
35.35265381,,4151218.203597011,,HODL,VanEck,2025-07-21 00:00:00.000 UTC
0.0,,0.0,,BTC,Grayscale Mini,2025-08-13 00:00:00.000 UTC
0.0,,0.0,,BTCW,WisdomTree,2025-07-11 00:00:00.000 UTC
0.0,,0.0,,EZBC,Franklin Templeton,2025-08-11 00:00:00.000 UTC
0.0,,0.0,,BTCO,Invesco,2025-06-09 00:00:00.000 UTC
0.0,,0.0,,ARKB,21Shares,2025-06-05 00:00:00.000 UTC
146.12316906,,17008422.846609768,,BTC,Grayscale Mini,2025-08-08 00:00:00.000 UTC
0.0,,0.0,,BRRR,Valkyrie,2025-06-16 00:00:00.000 UTC
436.07903300000004,,48570173.14514057,,FBTC,Fidelity,2025-08-25 00:00:00.000 UTC
44.2837535,,5245073.159873331,,BTC,Grayscale Mini,2025-07-17 00:00:00.000 UTC
0.0,,0.0,,BTCW,WisdomTree,2025-06-30 00:00:00.000 UTC
54.99233999,,6121178.1169679025,,GBTC,Grayscale,2025-08-25 00:00:00.000 UTC
0.0,,0.0,,BTC,Grayscale Mini,2025-06-15 00:00:00.000 UTC
0.0,,0.0,,EZBC,Franklin Templeton,2025-07-23 00:00:00.000 UTC
0.0,,0.0,,HODL,VanEck,2025-08-17 00:00:00.000 UTC
0.0,,0.0,,EZBC,Franklin Templeton,2025-06-04 00:00:00.000 UTC
0.0,,0.0,,EZBC,Franklin Templeton,2025-07-15 00:00:00.000 UTC
0.0,,0.0,,GBTC,Grayscale,2025-06-08 00:00:00.000 UTC
0.0,,0.0,,HODL,VanEck,2025-06-22 00:00:00.000 UTC
43.62144586,,4852279.077613087,,FBTC,Fidelity,2025-07-10 00:00:00.000 UTC
163.1549898,,18670527.882389065,,BITB,Bitwise,2025-08-05 00:00:00.000 UTC
0.0,,0.0,,GBTC,Grayscale,2025-07-10 00:00:00.000 UTC
-109.05,,-12782384.0805,,FBTC,Fidelity,2025-07-21 00:00:00.000 UTC
0.0,,0.0,,BRRR,Valkyrie,2025-07-18 00:00:00.000 UTC
87.22620344,,10146143.261520457,,FBTC,Fidelity,2025-08-07 00:00:00.000 UTC
0.0,,0.0,,ARKB,21Shares,2025-08-16 00:00:00.000 UTC
146.83713183,,17121023.086378414,,BITB,Bitwise,2025-08-08 00:00:00.000 UTC
0.0,,0.0,,BTC,Grayscale Mini,2025-06-05 00:00:00.000 UTC
42.42318294,,5022218.028764201,,HODL,VanEck,2025-07-24 00:00:00.000 UTC
0.0,,0.0,,BRRR,Valkyrie,2025-08-19 00:00:00.000 UTC
66.41471055,,7358751.921381316,,BTC,Grayscale Mini,2025-08-26 00:00:00.000 UTC
0.0,,0.0,,HODL,VanEck,2025-09-01 00:00:00.000 UTC
0.0,0.0,0.0,0.0,IBIT,BlackRock,2025-07-26 00:00:00.000 UTC
0.0,,0.0,,EZBC,Franklin Templeton,2025-08-21 00:00:00.000 UTC
108.7616952,,12573069.488406174,,BITB,Bitwise,2025-08-19 00:00:00.000 UTC
-830.85297249,,-96402707.20385325,,ARKB,21Shares,2025-07-15 00:00:00.000 UTC
0.0,,0.0,,BTCO,Invesco,2025-08-10 00:00:00.000 UTC
0.0,,0.0,,HODL,VanEck,2025-08-18 00:00:00.000 UTC
57.89222438,,6631964.17967761,,EZBC,Franklin Templeton,2025-08-01 00:00:00.000 UTC
108.79673241,,11538972.735666007,,BITB,Bitwise,2025-06-20 00:00:00.000 UTC
0.0,,0.0,,BITB,Bitwise,2025-07-19 00:00:00.000 UTC
0.0,,0.0,,BRRR,Valkyrie,2025-08-21 00:00:00.000 UTC
3652.32293098,9838.72008875,429474614.2428471,1157848299.5955436,IBIT,BlackRock,2025-07-11 00:00:00.000 UTC
-63.63477576,,-6435228.967408189,,HODL,VanEck,2025-06-05 00:00:00.000 UTC
0.0,,0.0,,ARKB,21Shares,2025-06-22 00:00:00.000 UTC
1203.76909426,1235.35962918,143205747.06959307,146989772.82294035,IBIT,BlackRock,2025-07-24 00:00:00.000 UTC
43.62185758,,4772497.312583238,,FBTC,Fidelity,2025-07-09 00:00:00.000 UTC
4224.69503013,3169.865977800001,497890919.4625286,373394114.2373357,IBIT,BlackRock,2025-07-21 00:00:00.000 UTC
5.46e-06,5.46e-06,0.573030822,0.573030822,IBIT,BlackRock,2025-06-19 00:00:00.000 UTC
0.0,,0.0,,EZBC,Franklin Templeton,2025-08-30 00:00:00.000 UTC
88.5649592,,10542574.357659392,,BTC,Grayscale Mini,2025-07-24 00:00:00.000 UTC
0.0,,0.0,,GBTC,Grayscale,2025-08-26 00:00:00.000 UTC
28.95078199,,3118587.210705217,,EZBC,Franklin Templeton,2025-06-30 00:00:00.000 UTC
0.0,,0.0,,BITB,Bitwise,2025-08-31 00:00:00.000 UTC
-86.50551137000116,,-9865119.310741328,,GBTC,Grayscale,2025-08-05 00:00:00.000 UTC
0.0,,0.0,,BTC,Grayscale Mini,2025-08-28 00:00:00.000 UTC
0.0,,0.0,,BTCW,WisdomTree,2025-07-15 00:00:00.000 UTC
0.0,,0.0,,BTC,Grayscale Mini,2025-06-22 00:00:00.000 UTC
0.0,,0.0,,BTCO,Invesco,2025-07-28 00:00:00.000 UTC
0.0,,0.0,,BTCO,Invesco,2025-08-03 00:00:00.000 UTC
0.0,,0.0,,BRRR,Valkyrie,2025-07-06 00:00:00.000 UTC
0.0,,0.0,,BTCW,WisdomTree,2025-07-17 00:00:00.000 UTC
169.69271672,,19903728.36735295,,HODL,VanEck,2025-07-15 00:00:00.000 UTC
0.0,,0.0,,BRRR,Valkyrie,2025-06-04 00:00:00.000 UTC
-2889.3741422,,-332923387.39855826,,ARKB,21Shares,2025-08-04 00:00:00.000 UTC
0.0,,0.0,,ARKB,21Shares,2025-07-13 00:00:00.000 UTC
0.0,,0.0,,BTCW,WisdomTree,2025-06-07 00:00:00.000 UTC
0.0,,0.0,,BTCW,WisdomTree,2025-06-18 00:00:00.000 UTC
0.0,,0.0,,BITB,Bitwise,2025-06-22 00:00:00.000 UTC
0.0,,0.0,,BRRR,Valkyrie,2025-07-12 00:00:00.000 UTC
-2.2737367544323206e-12,,-1.9936992228031158,,GBTC,Grayscale,2025-07-25 00:00:00.000 UTC
0.0,,0.0,,BRRR,Valkyrie,2025-08-10 00:00:00.000 UTC
0.0,,0.0,,HODL,VanEck,2025-07-09 00:00:00.000 UTC
0.0,,0.0,,BTCO,Invesco,2025-06-29 00:00:00.000 UTC
-69.78562681,,-8279012.951610476,,ARKB,21Shares,2025-07-30 00:00:00.000 UTC
0.0,,0.0,,GBTC,Grayscale,2025-08-02 00:00:00.000 UTC
0.0,,0.0,,FBTC,Fidelity,2025-07-12 00:00:00.000 UTC
-222.98604880999994,,-26453934.299680647,,BITB,Bitwise,2025-07-30 00:00:00.000 UTC
0.0,,0.0,,BRRR,Valkyrie,2025-08-15 00:00:00.000 UTC
-28.94323836,,-3284498.3690273664,,EZBC,Franklin Templeton,2025-08-20 00:00:00.000 UTC
28.9509539,,3087546.2770311716,,EZBC,Franklin Templeton,2025-06-27 00:00:00.000 UTC
0.0,,0.0,,BRRR,Valkyrie,2025-07-20 00:00:00.000 UTC
-83.08099512000001,,-9841765.543005735,,ARKB,21Shares,2025-07-24 00:00:00.000 UTC
0.0,,0.0,,HODL,VanEck,2025-08-16 00:00:00.000 UTC
0.0,,0.0,,EZBC,Franklin Templeton,2025-07-29 00:00:00.000 UTC
0.0,,0.0,,BTCW,WisdomTree,2025-06-13 00:00:00.000 UTC
0.001000000001134547,,99.62874239584097,,BTC,Grayscale Mini,2025-06-11 00:00:00.000 UTC
0.0,,0.0,,BTCW,WisdomTree,2025-08-24 00:00:00.000 UTC
0.0,,0.0,,BTCO,Invesco,2025-06-18 00:00:00.000 UTC
0.0,,0.0,,GBTC,Grayscale,2025-06-26 00:00:00.000 UTC
0.0,,0.0,,FBTC,Fidelity,2025-08-16 00:00:00.000 UTC
59.858586759999994,,6304976.674546308,,BTCO,Invesco,2025-06-24 00:00:00.000 UTC
0.0,,0.0,,BTCO,Invesco,2025-08-19 00:00:00.000 UTC
0.0,,0.0,,BTC,Grayscale Mini,2025-07-30 00:00:00.000 UTC
0.0,,0.0,,HODL,VanEck,2025-08-05 00:00:00.000 UTC
0.0,,0.0,,EZBC,Franklin Templeton,2025-07-19 00:00:00.000 UTC
-767.6330618300001,,-88471881.08269821,,ARKB,21Shares,2025-08-01 00:00:00.000 UTC
0.0,,0.0,,BRRR,Valkyrie,2025-06-15 00:00:00.000 UTC
651.45994116,,69803707.82591763,,ARKB,21Shares,2025-06-26 00:00:00.000 UTC
0.0,0.0,0.0,0.0,IBIT,BlackRock,2025-07-20 00:00:00.000 UTC
-2543.70531153,-3424.1115454800006,-292727852.09420747,-394063304.6837616,IBIT,BlackRock,2025-08-05 00:00:00.000 UTC
0.0,,0.0,,HODL,VanEck,2025-07-05 00:00:00.000 UTC
0.0,,0.0,,BTCW,WisdomTree,2025-08-11 00:00:00.000 UTC
0.0,,0.0,,BTCO,Invesco,2025-06-14 00:00:00.000 UTC
-199.37144554999998,,-24035557.568594325,,ARKB,21Shares,2025-08-13 00:00:00.000 UTC
106.05794955,,11139463.709022664,,HODL,VanEck,2025-06-04 00:00:00.000 UTC
0.0,,0.0,,ARKB,21Shares,2025-07-12 00:00:00.000 UTC
0.0,,0.0,,GBTC,Grayscale,2025-08-31 00:00:00.000 UTC
-2.842170943040401e-14,,-2.561137080192566e-09,,BITB,Bitwise,2025-07-21 00:00:00.000 UTC
0.0,-1008.6216860299999,0.0,-119976811.96039516,IBIT,BlackRock,2025-07-22 00:00:00.000 UTC
0.0,,0.0,,BTC,Grayscale Mini,2025-08-10 00:00:00.000 UTC
0.0,,0.0,,BTC,Grayscale Mini,2025-08-30 00:00:00.000 UTC
1135.7313045,2016.7644752300002,126277897.59979485,224711076.60093123,IBIT,BlackRock,2025-07-10 00:00:00.000 UTC
0.0,0.0,0.0,0.0,IBIT,BlackRock,2025-08-31 00:00:00.000 UTC
0.0,,0.0,,BTCW,WisdomTree,2025-07-20 00:00:00.000 UTC
807.0759195300001,,86431182.04320924,,FBTC,Fidelity,2025-06-25 00:00:00.000 UTC
0.0,,0.0,,EZBC,Franklin Templeton,2025-08-03 00:00:00.000 UTC
33.23991520999999,,3517512.7142721503,,ARKB,21Shares,2025-06-17 00:00:00.000 UTC
8.888e-05,8.888e-05,9.4010171376,9.4010171376,IBIT,BlackRock,2025-06-08 00:00:00.000 UTC
-564.86626242,,-64760894.24624206,,ARKB,21Shares,2025-08-19 00:00:00.000 UTC
0.0,,0.0,,HODL,VanEck,2025-08-10 00:00:00.000 UTC
0.0,,0.0,,HODL,VanEck,2025-07-06 00:00:00.000 UTC
-94.7248684499998,,-10123167.122361988,,ARKB,21Shares,2025-07-01 00:00:00.000 UTC
84.84634524,,9098217.838872109,,HODL,VanEck,2025-06-25 00:00:00.000 UTC
0.0,,0.0,,BRRR,Valkyrie,2025-06-10 00:00:00.000 UTC
0.0,,0.0,,FBTC,Fidelity,2025-08-31 00:00:00.000 UTC
0.0,,0.0,,BRRR,Valkyrie,2025-07-15 00:00:00.000 UTC
0.0,,0.0,,EZBC,Franklin Templeton,2025-06-18 00:00:00.000 UTC
0.0,,0.0,,BTCW,WisdomTree,2025-07-06 00:00:00.000 UTC
0.0,,0.0,,GBTC,Grayscale,2025-08-19 00:00:00.000 UTC
0.0,,0.0,,BTCW,WisdomTree,2025-08-27 00:00:00.000 UTC
0.0,,0.0,,FBTC,Fidelity,2025-08-10 00:00:00.000 UTC
-664.5408971200001,,-75011356.26257837,,ARKB,21Shares,2025-08-21 00:00:00.000 UTC
-22.74522045999987,-4588.867210779999,-2144099.2443961203,-527325172.05643046,IBIT,BlackRock,2025-08-04 00:00:00.000 UTC
108.7576396,,12116825.662461895,,BITB,Bitwise,2025-08-25 00:00:00.000 UTC
0.0,,0.0,,GBTC,Grayscale,2025-06-14 00:00:00.000 UTC
0.0,,0.0,,EZBC,Franklin Templeton,2025-08-15 00:00:00.000 UTC
1679.48905047,,183683292.8582545,,FBTC,Fidelity,2025-07-03 00:00:00.000 UTC
0.0,,0.0,,GBTC,Grayscale,2025-06-09 00:00:00.000 UTC
-348.9,,-39883571.937,,FBTC,Fidelity,2025-08-04 00:00:00.000 UTC
610.78311002,,65138778.58578458,,FBTC,Fidelity,2025-06-20 00:00:00.000 UTC
0.0,,0.0,,BTCW,WisdomTree,2025-07-26 00:00:00.000 UTC
27.19629779,,3012818.1075102054,,BITB,Bitwise,2025-07-10 00:00:00.000 UTC
0.0,,0.0,,BTCW,WisdomTree,2025-06-09 00:00:00.000 UTC
0.0,,0.0,,EZBC,Franklin Templeton,2025-07-22 00:00:00.000 UTC
4128.299722300001,2550.141818060001,485555027.11574113,300648250.21916795,IBIT,BlackRock,2025-08-15 00:00:00.000 UTC
0.0,,0.0,,BTC,Grayscale Mini,2025-06-21 00:00:00.000 UTC
0.0,,0.0,,HODL,VanEck,2025-08-23 00:00:00.000 UTC
0.0,,0.0,,BTCO,Invesco,2025-07-24 00:00:00.000 UTC
0.0,,0.0,,BRRR,Valkyrie,2025-08-20 00:00:00.000 UTC
0.0,,0.0,,EZBC,Franklin Templeton,2025-06-20 00:00:00.000 UTC
0.0,,0.0,,GBTC,Grayscale,2025-06-27 00:00:00.000 UTC
0.0,,0.0,,BITB,Bitwise,2025-06-15 00:00:00.000 UTC
0.0,,0.0,,BTCO,Invesco,2025-07-21 00:00:00.000 UTC
0.0,,0.0,,BTCW,WisdomTree,2025-07-10 00:00:00.000 UTC
0.0,,0.0,,BTCO,Invesco,2025-07-22 00:00:00.000 UTC
102.00309885999998,,12095341.421424186,,BITB,Bitwise,2025-07-31 00:00:00.000 UTC
-114.17883256000027,,-12384987.102089822,,GBTC,Grayscale,2025-06-30 00:00:00.000 UTC
0.0,,0.0,,BITB,Bitwise,2025-09-01 00:00:00.000 UTC
0.0,,0.0,,EZBC,Franklin Templeton,2025-06-25 00:00:00.000 UTC
0.0,,0.0,,EZBC,Franklin Templeton,2025-06-23 00:00:00.000 UTC
1.8189894035458565e-12,,-1.6266685724258423,,GBTC,Grayscale,2025-07-29 00:00:00.000 UTC
1204.10384344,-461.33577504999994,129341918.01951121,-51962227.60647311,IBIT,BlackRock,2025-06-12 00:00:00.000 UTC
141.43910622,,15110431.925572246,,BITB,Bitwise,2025-06-16 00:00:00.000 UTC
0.0,,0.0,,FBTC,Fidelity,2025-08-06 00:00:00.000 UTC
0.0,,0.0,,ARKB,21Shares,2025-06-21 00:00:00.000 UTC
0.0,,0.0,,BTCO,Invesco,2025-06-22 00:00:00.000 UTC
0.0,,0.0,,HODL,VanEck,2025-06-06 00:00:00.000 UTC
0.0,0.0,0.0,0.0,IBIT,BlackRock,2025-09-01 00:00:00.000 UTC
0.0,,0.0,,HODL,VanEck,2025-06-20 00:00:00.000 UTC
0.0,,0.0,,BITB,Bitwise,2025-08-06 00:00:00.000 UTC
0.0,,0.0,,FBTC,Fidelity,2025-06-14 00:00:00.000 UTC
0.0,,0.0,,FBTC,Fidelity,2025-07-05 00:00:00.000 UTC
0.0,,0.0,,EZBC,Franklin Templeton,2025-08-10 00:00:00.000 UTC
0.0,,0.0,,BTCO,Invesco,2025-07-19 00:00:00.000 UTC
-0.3385139100000174,,-39159.97823920101,,ARKB,21Shares,2025-08-06 00:00:00.000 UTC
0.0,,0.0,,BTC,Grayscale Mini,2025-08-03 00:00:00.000 UTC
0.0,,0.0,,BRRR,Valkyrie,2025-08-14 00:00:00.000 UTC
0.0008679,,91.015579446,,BTC,Grayscale Mini,2025-06-18 00:00:00.000 UTC
0.0,,0.0,,ARKB,21Shares,2025-07-31 00:00:00.000 UTC
0.0,,0.0,,BTC,Grayscale Mini,2025-07-05 00:00:00.000 UTC
0.0,,0.0,,BTCO,Invesco,2025-08-07 00:00:00.000 UTC
0.0,,0.0,,BTCW,WisdomTree,2025-08-28 00:00:00.000 UTC
0.0,,0.0,,EZBC,Franklin Templeton,2025-07-28 00:00:00.000 UTC
0.0,,0.0,,BTCW,WisdomTree,2025-07-08 00:00:00.000 UTC
567.6798470600002,1484.1799841400007,61654993.15482277,162085901.42682007,IBIT,BlackRock,2025-08-29 00:00:00.000 UTC
0.0,,0.0,,ARKB,21Shares,2025-08-05 00:00:00.000 UTC
0.0,,0.0,,HODL,VanEck,2025-07-22 00:00:00.000 UTC
0.0,,0.0,,BRRR,Valkyrie,2025-07-24 00:00:00.000 UTC
0.0,,0.0,,FBTC,Fidelity,2025-06-21 00:00:00.000 UTC
0.0,,0.0,,ARKB,21Shares,2025-07-05 00:00:00.000 UTC
0.0,,0.0,,GBTC,Grayscale,2025-08-30 00:00:00.000 UTC
0.0,,0.0,,BTCO,Invesco,2025-06-20 00:00:00.000 UTC
0.0,,0.0,,BRRR,Valkyrie,2025-06-29 00:00:00.000 UTC
0.0,,0.0,,BTCW,WisdomTree,2025-06-11 00:00:00.000 UTC
28.94723376,,3336171.006618701,,EZBC,Franklin Templeton,2025-07-25 00:00:00.000 UTC
0.0,,0.0,,BTCW,WisdomTree,2025-08-25 00:00:00.000 UTC
0.0,,0.0,,BRRR,Valkyrie,2025-07-19 00:00:00.000 UTC
2380.81440648,2343.0972524199997,250274513.16729146,246371230.95972812,IBIT,BlackRock,2025-06-13 00:00:00.000 UTC
0.0,0.0,0.0,0.0,IBIT,BlackRock,2025-07-12 00:00:00.000 UTC
0.0,,0.0,,HODL,VanEck,2025-06-17 00:00:00.000 UTC
0.0,,0.0,,BRRR,Valkyrie,2025-07-26 00:00:00.000 UTC
0.0,,0.0,,BRRR,Valkyrie,2025-08-03 00:00:00.000 UTC
0.0,,0.0,,FBTC,Fidelity,2025-07-30 00:00:00.000 UTC
0.0,,0.0,,BTCW,WisdomTree,2025-06-16 00:00:00.000 UTC
0.0,,0.0,,BTC,Grayscale Mini,2025-06-19 00:00:00.000 UTC
0.0,,0.0,,BTCO,Invesco,2025-07-29 00:00:00.000 UTC
0.0,,0.0,,FBTC,Fidelity,2025-06-08 00:00:00.000 UTC
1316.3816068800002,,138481092.54900783,,ARKB,21Shares,2025-06-04 00:00:00.000 UTC
0.0,,0.0,,ARKB,21Shares,2025-06-28 00:00:00.000 UTC
92.99129763,,10968417.476669107,,BTC,Grayscale Mini,2025-07-29 00:00:00.000 UTC
97.43546208,,10182517.32353592,,BTC,Grayscale Mini,2025-06-20 00:00:00.000 UTC
1249.1470278000002,1330.86464504,147563860.8161903,157547066.3472474,IBIT,BlackRock,2025-07-29 00:00:00.000 UTC
0.0,,0.0,,BITB,Bitwise,2025-07-09 00:00:00.000 UTC
0.0,,0.0,,HODL,VanEck,2025-06-19 00:00:00.000 UTC
159.42216780000044,,19005948.096410263,,BTC,Grayscale Mini,2025-07-16 00:00:00.000 UTC
299.05544766,,36153249.68857099,,ARKB,21Shares,2025-08-14 00:00:00.000 UTC
0.0,,0.0,,GBTC,Grayscale,2025-07-05 00:00:00.000 UTC
0.0,,0.0,,GBTC,Grayscale,2025-08-16 00:00:00.000 UTC
894.14659637,,103977246.96021742,,FBTC,Fidelity,2025-07-25 00:00:00.000 UTC
0.0,,0.0,,BRRR,Valkyrie,2025-06-08 00:00:00.000 UTC
631.0561170700001,,68915662.34537998,,BITB,Bitwise,2025-06-10 00:00:00.000 UTC
1113.23976053,3555.947972140001,120915482.44995703,388028207.4651462,IBIT,BlackRock,2025-06-10 00:00:00.000 UTC
0.0,,0.0,,BTC,Grayscale Mini,2025-07-20 00:00:00.000 UTC
0.0,,0.0,,HODL,VanEck,2025-06-14 00:00:00.000 UTC
0.0,,0.0,,BTCW,WisdomTree,2025-08-23 00:00:00.000 UTC
0.0,,0.0,,HODL,VanEck,2025-08-12 00:00:00.000 UTC
567.6861287400008,1998.0918022,62775146.70310835,220651543.7844233,IBIT,BlackRock,2025-08-26 00:00:00.000 UTC
63.63476478,,7475803.257487331,,HODL,VanEck,2025-07-11 00:00:00.000 UTC
69.84159415,,7667167.60736727,,BTCO,Invesco,2025-06-11 00:00:00.000 UTC
272.54930718,1943.5553488499995,31368081.332376253,225928274.56350636,IBIT,BlackRock,2025-07-25 00:00:00.000 UTC
-277.49212020000004,,-32633134.765961364,,ARKB,21Shares,2025-07-23 00:00:00.000 UTC
0.0,,0.0,,FBTC,Fidelity,2025-07-19 00:00:00.000 UTC
-661.3323308899999,,-78575199.05929579,,ARKB,21Shares,2025-07-22 00:00:00.000 UTC
757.79022794,,82870988.13518266,,ARKB,21Shares,2025-07-03 00:00:00.000 UTC
0.0,,0.0,,ARKB,21Shares,2025-08-24 00:00:00.000 UTC
66.4234464,,7692662.729262145,,BTC,Grayscale Mini,2025-07-25 00:00:00.000 UTC
0.0,,0.0,,BRRR,Valkyrie,2025-07-31 00:00:00.000 UTC
0.0,,0.0,,GBTC,Grayscale,2025-07-14 00:00:00.000 UTC
-1.1862433507269649e-13,-2508.8160366499997,-0.16994079899261116,-285015382.6346504,IBIT,BlackRock,2025-08-20 00:00:00.000 UTC
0.0,,0.0,,BRRR,Valkyrie,2025-09-01 00:00:00.000 UTC
0.0,,0.0,,BRRR,Valkyrie,2025-08-06 00:00:00.000 UTC
0.0,,0.0,,FBTC,Fidelity,2025-06-23 00:00:00.000 UTC
0.0,,0.0,,ARKB,21Shares,2025-06-07 00:00:00.000 UTC
0.0,,0.0,,BTCW,WisdomTree,2025-06-06 00:00:00.000 UTC
0.0,,0.0,,BITB,Bitwise,2025-08-01 00:00:00.000 UTC
0.0,,0.0,,EZBC,Franklin Templeton,2025-06-09 00:00:00.000 UTC
-1930.284643199999,-2951.4144772100017,-218872400.1004927,-334539986.20585686,IBIT,BlackRock,2025-08-21 00:00:00.000 UTC
0.0,,0.0,,BTCO,Invesco,2025-06-17 00:00:00.000 UTC
0.0,,0.0,,FBTC,Fidelity,2025-07-20 00:00:00.000 UTC
545.28467162,1581.1562472599999,57050008.97555071,165639201.77573103,IBIT,BlackRock,2025-06-04 00:00:00.000 UTC
-283.46,,-32388318.1798,,FBTC,Fidelity,2025-08-21 00:00:00.000 UTC
0.0,,0.0,,BTCO,Invesco,2025-08-02 00:00:00.000 UTC
1025.21524363,,107931879.42686625,,FBTC,Fidelity,2025-06-24 00:00:00.000 UTC
-1249.6832382999999,-2013.16205615,-131685083.8087177,-213028655.72604743,IBIT,BlackRock,2025-06-03 00:00:00.000 UTC
0.0,,0.0,,BTCO,Invesco,2025-07-13 00:00:00.000 UTC
2112.67487711,3454.99353931,222649310.62077385,364057671.3605352,IBIT,BlackRock,2025-06-24 00:00:00.000 UTC
-117.77288809000004,,-13263060.92280157,,GBTC,Grayscale,2025-08-29 00:00:00.000 UTC
0.0,,0.0,,BITB,Bitwise,2025-06-29 00:00:00.000 UTC
0.0,,0.0,,BTCW,WisdomTree,2025-07-21 00:00:00.000 UTC
-766.7652868800003,,-87345364.68528113,,BITB,Bitwise,2025-08-20 00:00:00.000 UTC
0.0,,0.0,,BRRR,Valkyrie,2025-08-25 00:00:00.000 UTC
454.34840621,451.3484062100001,46184283.77355933,45876444.04815103,IBIT,BlackRock,2025-06-23 00:00:00.000 UTC
-398.73142048999995,,-46213581.69386434,,ARKB,21Shares,2025-08-18 00:00:00.000 UTC
0.0,,0.0,,BRRR,Valkyrie,2025-07-10 00:00:00.000 UTC
0.0,,0.0,,BTC,Grayscale Mini,2025-06-23 00:00:00.000 UTC
49.49370832,,5828156.865012843,,HODL,VanEck,2025-07-30 00:00:00.000 UTC
32.642086930000005,,3443957.5630171113,,BITB,Bitwise,2025-06-03 00:00:00.000 UTC
0.0,0.0,0.0,0.0,IBIT,BlackRock,2025-07-06 00:00:00.000 UTC
0.0,,0.0,,BITB,Bitwise,2025-07-26 00:00:00.000 UTC
0.0,,0.0,,HODL,VanEck,2025-08-31 00:00:00.000 UTC
0.0,,0.0,,BTCO,Invesco,2025-07-01 00:00:00.000 UTC
0.0,,0.0,,BTCO,Invesco,2025-08-27 00:00:00.000 UTC
0.0,,0.21034999999994852,,GBTC,Grayscale,2025-06-12 00:00:00.000 UTC
-0.3119531099998679,,-33535.055177629074,,BTCW,WisdomTree,2025-07-02 00:00:00.000 UTC
-65.4,,-7381659.414000001,,FBTC,Fidelity,2025-08-20 00:00:00.000 UTC
0.0,,0.0,,BRRR,Valkyrie,2025-07-05 00:00:00.000 UTC
0.0,,0.0,,ARKB,21Shares,2025-08-17 00:00:00.000 UTC
0.0,,0.0,,BTC,Grayscale Mini,2025-08-21 00:00:00.000 UTC
0.0,,0.0,,BRRR,Valkyrie,2025-07-04 00:00:00.000 UTC
0.0,,0.0,,EZBC,Franklin Templeton,2025-07-04 00:00:00.000 UTC
70.7052846,,7678010.58896205,,HODL,VanEck,2025-06-09 00:00:00.000 UTC
-589.0132913100001,,-62348842.063780904,,FBTC,Fidelity,2025-06-04 00:00:00.000 UTC
0.0,,0.0,,EZBC,Franklin Templeton,2025-07-05 00:00:00.000 UTC
92.98518032999999,,10955670.427255498,,BTC,Grayscale Mini,2025-08-14 00:00:00.000 UTC
0.0,,0.0,,BTC,Grayscale Mini,2025-06-29 00:00:00.000 UTC
115.77004392,,13016749.6007001,,EZBC,Franklin Templeton,2025-08-25 00:00:00.000 UTC
81.56722095,,9076875.389159275,,BITB,Bitwise,2025-08-27 00:00:00.000 UTC
0.0,,0.0,,BTCW,WisdomTree,2025-07-22 00:00:00.000 UTC
0.0,,0.0,,BTCO,Invesco,2025-07-09 00:00:00.000 UTC
3566.0794520699997,3548.566375179999,425562550.6571902,423771042.93920386,IBIT,BlackRock,2025-07-16 00:00:00.000 UTC
0.0,,0.0,,BTCW,WisdomTree,2025-07-12 00:00:00.000 UTC
0.0,,0.0,,BRRR,Valkyrie,2025-07-14 00:00:00.000 UTC
179.47874846000002,,21363471.553717505,,BITB,Bitwise,2025-07-28 00:00:00.000 UTC
3.688592725530071e-12,3.3259860353861397e-12,-0.02707777379969656,-0.027077853079896297,IBIT,BlackRock,2025-08-30 00:00:00.000 UTC
0.0,,0.0,,FBTC,Fidelity,2025-08-30 00:00:00.000 UTC
1522.01424417,2161.42684699,162294176.92367658,230636872.75165874,IBIT,BlackRock,2025-06-27 00:00:00.000 UTC
0.0,,0.0,,BTCO,Invesco,2025-08-24 00:00:00.000 UTC
-296.68164407999996,,-33952078.23997807,,BTC,Grayscale Mini,2025-08-04 00:00:00.000 UTC
56.56424224,,6594377.0139630595,,HODL,VanEck,2025-08-22 00:00:00.000 UTC
0.0,,0.0,,BTCO,Invesco,2025-08-06 00:00:00.000 UTC
-1.2553418699999952,,-145150.81183839217,,BRRR,Valkyrie,2025-08-01 00:00:00.000 UTC
0.0,,0.0,,BTCO,Invesco,2025-08-05 00:00:00.000 UTC
0.0,,0.0,,BTCW,WisdomTree,2025-08-13 00:00:00.000 UTC
-3.0000188099999576,,-336691.1331941113,,ARKB,21Shares,2025-08-27 00:00:00.000 UTC
0.0,,0.0,,BTC,Grayscale Mini,2025-07-22 00:00:00.000 UTC
0.0,,0.0,,BTCO,Invesco,2025-06-15 00:00:00.000 UTC
0.0,,0.0,,EZBC,Franklin Templeton,2025-07-26 00:00:00.000 UTC
-1703.1670671099998,-254.68983459999993,-190024700.04801533,-27837188.108421206,IBIT,BlackRock,2025-08-25 00:00:00.000 UTC
0.0,,0.0,,HODL,VanEck,2025-07-07 00:00:00.000 UTC
0.0,,0.0,,GBTC,Grayscale,2025-08-14 00:00:00.000 UTC
0.0,,0.0,,GBTC,Grayscale,2025-07-24 00:00:00.000 UTC
0.0,,0.0,,BRRR,Valkyrie,2025-08-29 00:00:00.000 UTC
0.0,,0.0,,ARKB,21Shares,2025-07-26 00:00:00.000 UTC
0.0,-1608.5557019600003,0.0,-173101795.2647727,IBIT,BlackRock,2025-07-02 00:00:00.000 UTC
1339.9873148699999,679.9286507699995,158335120.0065688,80423801.64952764,IBIT,BlackRock,2025-07-30 00:00:00.000 UTC
0.0,,0.0,,BTCW,WisdomTree,2025-08-21 00:00:00.000 UTC
0.0,,0.0,,EZBC,Franklin Templeton,2025-08-29 00:00:00.000 UTC
-163.8774814399999,,-17053729.88998196,,BTC,Grayscale Mini,2025-06-06 00:00:00.000 UTC
0.0,,0.0,,ARKB,21Shares,2025-06-29 00:00:00.000 UTC
150.57341762000001,,16482799.226330074,,BTC,Grayscale Mini,2025-07-03 00:00:00.000 UTC
0.0,,0.0,,EZBC,Franklin Templeton,2025-06-17 00:00:00.000 UTC
3.3e-06,,0.38490893100000007,,BTC,Grayscale Mini,2025-08-18 00:00:00.000 UTC
0.0,,0.0,,BTCW,WisdomTree,2025-08-26 00:00:00.000 UTC
0.0,,0.0,,BITB,Bitwise,2025-08-23 00:00:00.000 UTC
0.0,,0.0,,BTCO,Invesco,2025-07-23 00:00:00.000 UTC
0.0,,0.0,,FBTC,Fidelity,2025-07-16 00:00:00.000 UTC
0.0,,0.0,,EZBC,Franklin Templeton,2025-07-01 00:00:00.000 UTC
0.0,,0.0,,EZBC,Franklin Templeton,2025-07-14 00:00:00.000 UTC
261.69647388,,31054850.612366468,,FBTC,Fidelity,2025-07-29 00:00:00.000 UTC
0.0,,0.0,,BTCW,WisdomTree,2025-07-25 00:00:00.000 UTC
-0.00011998999927229306,,-14.113536436016844,,ARKB,21Shares,2025-07-18 00:00:00.000 UTC
0.0,,0.0,,BRRR,Valkyrie,2025-07-27 00:00:00.000 UTC
0.0,,0.0,,BTCW,WisdomTree,2025-06-04 00:00:00.000 UTC
0.0,,0.0,,BTCO,Invesco,2025-09-01 00:00:00.000 UTC
70.86040752,,7607961.666380409,,BTC,Grayscale Mini,2025-06-25 00:00:00.000 UTC
0.0,,0.0,,BRRR,Valkyrie,2025-06-12 00:00:00.000 UTC
0.0,,0.0,,BTCW,WisdomTree,2025-06-24 00:00:00.000 UTC
305.37374574,,32605089.814428322,,FBTC,Fidelity,2025-06-27 00:00:00.000 UTC
0.0,,0.0,,BITB,Bitwise,2025-08-24 00:00:00.000 UTC
0.0,,0.0,,BTC,Grayscale Mini,2025-08-17 00:00:00.000 UTC
0.0,,0.0,,BTC,Grayscale Mini,2025-07-21 00:00:00.000 UTC
0.0,,0.0,,BTCW,WisdomTree,2025-06-28 00:00:00.000 UTC
0.0,,0.0,,GBTC,Grayscale,2025-06-22 00:00:00.000 UTC
0.0,,0.0,,BITB,Bitwise,2025-06-07 00:00:00.000 UTC
-32.63363593999995,,-3856465.141799312,,BITB,Bitwise,2025-07-22 00:00:00.000 UTC
119.67260255,,12839103.886001363,,BITB,Bitwise,2025-06-26 00:00:00.000 UTC
0.0,,0.0,,BRRR,Valkyrie,2025-08-28 00:00:00.000 UTC
14.14106102,,1651128.6680745261,,HODL,VanEck,2025-08-08 00:00:00.000 UTC
57.90697036,,6238114.084347133,,EZBC,Franklin Templeton,2025-06-12 00:00:00.000 UTC
-359.0570469499999,,-37703943.82713298,,BITB,Bitwise,2025-06-06 00:00:00.000 UTC
0.0,,0.0,,ARKB,21Shares,2025-06-20 00:00:00.000 UTC
0.0,,0.0,,GBTC,Grayscale,2025-06-18 00:00:00.000 UTC
0.0,,0.0,,HODL,VanEck,2025-07-17 00:00:00.000 UTC
-111.45766512999995,,-13155078.871612754,,GBTC,Grayscale,2025-08-15 00:00:00.000 UTC
59.83150110999999,,6749970.372640735,,BTCO,Invesco,2025-08-28 00:00:00.000 UTC
0.0,,0.0,,BTCO,Invesco,2025-06-04 00:00:00.000 UTC
0.0,,0.0,,GBTC,Grayscale,2025-06-25 00:00:00.000 UTC
0.0,,0.0,,BITB,Bitwise,2025-07-04 00:00:00.000 UTC
0.0,,0.0,,BRRR,Valkyrie,2025-08-27 00:00:00.000 UTC
0.0,,0.0,,BRRR,Valkyrie,2025-06-24 00:00:00.000 UTC
0.0,,0.0,,BTCO,Invesco,2025-07-31 00:00:00.000 UTC
135.94692950000004,,14999767.26089638,,BITB,Bitwise,2025-08-26 00:00:00.000 UTC
0.0,,0.0,,HODL,VanEck,2025-06-08 00:00:00.000 UTC
0.0,,0.0,,HODL,VanEck,2025-08-30 00:00:00.000 UTC
1e-05,,1.0741214000000001,,FBTC,Fidelity,2025-06-29 00:00:00.000 UTC
563.1854492800001,,63239784.7707018,,ARKB,21Shares,2025-08-25 00:00:00.000 UTC
0.0,,0.0,,BTCO,Invesco,2025-08-09 00:00:00.000 UTC
-53.17428430000001,,-6159229.727125738,,ARKB,21Shares,2025-07-16 00:00:00.000 UTC
-288.80355622,,-34172836.68137266,,ARKB,21Shares,2025-07-21 00:00:00.000 UTC
130.82111454,,14541350.343291849,,FBTC,Fidelity,2025-08-27 00:00:00.000 UTC
0.0,,0.0,,EZBC,Franklin Templeton,2025-07-11 00:00:00.000 UTC
0.0,,0.0,,BRRR,Valkyrie,2025-06-09 00:00:00.000 UTC
0.0,,0.0,,ARKB,21Shares,2025-06-08 00:00:00.000 UTC
239.95651471,,25621426.445549514,,FBTC,Fidelity,2025-06-16 00:00:00.000 UTC
0.0,,0.0,,BTCW,WisdomTree,2025-08-30 00:00:00.000 UTC
0.0,,0.0,,EZBC,Franklin Templeton,2025-08-23 00:00:00.000 UTC
0.0,,0.0,,BTCO,Invesco,2025-06-23 00:00:00.000 UTC
0.0,,0.0,,HODL,VanEck,2025-06-21 00:00:00.000 UTC
0.0,,0.0,,GBTC,Grayscale,2025-08-03 00:00:00.000 UTC
0.0,,0.0,,BITB,Bitwise,2025-07-01 00:00:00.000 UTC
0.0,,0.0,,BTCO,Invesco,2025-07-08 00:00:00.000 UTC
0.0,,0.0,,BTC,Grayscale Mini,2025-08-02 00:00:00.000 UTC
0.0,,0.0,,EZBC,Franklin Templeton,2025-06-06 00:00:00.000 UTC
0.0,,0.0,,BRRR,Valkyrie,2025-06-22 00:00:00.000 UTC
0.0,,0.0,,BTCW,WisdomTree,2025-08-10 00:00:00.000 UTC
0.0,,0.0,,HODL,VanEck,2025-07-29 00:00:00.000 UTC
0.0,,0.0,,FBTC,Fidelity,2025-08-22 00:00:00.000 UTC
0.0,,0.0,,BRRR,Valkyrie,2025-07-30 00:00:00.000 UTC
2153.55104961,1488.4908881800004,226356389.97557938,152293293.7289361,IBIT,BlackRock,2025-06-17 00:00:00.000 UTC
0.0,,0.0,,BRRR,Valkyrie,2025-08-04 00:00:00.000 UTC
0.0,,0.0,,GBTC,Grayscale,2025-06-05 00:00:00.000 UTC
0.0,1e-05,0.0,1.0741214000000001,IBIT,BlackRock,2025-06-29 00:00:00.000 UTC
5.43800621,,616144.4296739277,,BITB,Bitwise,2025-08-21 00:00:00.000 UTC
66.43736295,,6988630.584161446,,BTC,Grayscale Mini,2025-06-04 00:00:00.000 UTC
-785.36,,-82276771.7768,,FBTC,Fidelity,2025-06-05 00:00:00.000 UTC
-236.43841470000018,,-24580099.762065656,,GBTC,Grayscale,2025-06-06 00:00:00.000 UTC
0.0,,0.0,,BITB,Bitwise,2025-08-13 00:00:00.000 UTC
4156.584233510001,4171.68017384,489412412.982362,490950770.1145549,IBIT,BlackRock,2025-07-18 00:00:00.000 UTC
44.2835715,,5203806.7705365,,BTC,Grayscale Mini,2025-07-18 00:00:00.000 UTC
0.0,,0.0,,BTCO,Invesco,2025-06-19 00:00:00.000 UTC
0.0,,0.0,,BTCO,Invesco,2025-08-21 00:00:00.000 UTC
0.0,,0.0,,ARKB,21Shares,2025-08-30 00:00:00.000 UTC
44.2892104,,4619792.921384568,,BTC,Grayscale Mini,2025-06-17 00:00:00.000 UTC
0.0,,0.0,,GBTC,Grayscale,2025-08-22 00:00:00.000 UTC
21.18308635,,2289559.6954718954,,BTCW,WisdomTree,2025-08-29 00:00:00.000 UTC
0.0,,0.0,,BRRR,Valkyrie,2025-08-07 00:00:00.000 UTC
0.0,-299.10581037999833,0.06577277183532715,-38841140.14830485,IBIT,BlackRock,2025-08-14 00:00:00.000 UTC
0.0,,0.0,,BRRR,Valkyrie,2025-08-12 00:00:00.000 UTC
408.7276143899993,755.3040488599988,45623183.74226894,84334681.62936422,IBIT,BlackRock,2025-08-27 00:00:00.000 UTC
0.0,,0.0,,BTCO,Invesco,2025-07-25 00:00:00.000 UTC
0.0,,0.0,,BTCW,WisdomTree,2025-06-12 00:00:00.000 UTC
0.0,,0.0,,BTCW,WisdomTree,2025-06-27 00:00:00.000 UTC
515.1436619899999,,57081566.95679222,,ARKB,21Shares,2025-07-10 00:00:00.000 UTC
0.0,,0.0,,BRRR,Valkyrie,2025-07-11 00:00:00.000 UTC
0.0,,0.0,,EZBC,Franklin Templeton,2025-06-16 00:00:00.000 UTC
56.56423624,,6062374.965931958,,HODL,VanEck,2025-06-27 00:00:00.000 UTC
70.7052942,,8221456.05792876,,HODL,VanEck,2025-07-10 00:00:00.000 UTC
0.0,,0.0,,BTCO,Invesco,2025-07-06 00:00:00.000 UTC
0.0,,0.0,,GBTC,Grayscale,2025-08-23 00:00:00.000 UTC
0.0,,0.0,,BTC,Grayscale Mini,2025-07-06 00:00:00.000 UTC
0.0,,0.0,,BTCW,WisdomTree,2025-06-25 00:00:00.000 UTC
0.0,,0.0,,EZBC,Franklin Templeton,2025-08-12 00:00:00.000 UTC
0.0,,0.0,,ARKB,21Shares,2025-06-19 00:00:00.000 UTC
0.0,,0.0,,FBTC,Fidelity,2025-07-26 00:00:00.000 UTC
0.0,,0.0,,BRRR,Valkyrie,2025-08-18 00:00:00.000 UTC
0.0,,0.0,,BITB,Bitwise,2025-07-12 00:00:00.000 UTC
2159.3224719,,233793463.46927392,,FBTC,Fidelity,2025-07-07 00:00:00.000 UTC
0.0,,0.0,,BITB,Bitwise,2025-07-06 00:00:00.000 UTC
250.18641202999999,,28961338.421679065,,BITB,Bitwise,2025-07-25 00:00:00.000 UTC
0.0,,0.0,,BTCW,WisdomTree,2025-06-08 00:00:00.000 UTC
0.0,,0.0,,BTCO,Invesco,2025-07-05 00:00:00.000 UTC
0.0,,0.0,,BITB,Bitwise,2025-06-08 00:00:00.000 UTC
0.0,,0.0,,BTCO,Invesco,2025-07-17 00:00:00.000 UTC
0.0,,0.0,,BRRR,Valkyrie,2025-06-13 00:00:00.000 UTC
0.0,0.0,0.0,0.0,IBIT,BlackRock,2025-07-19 00:00:00.000 UTC
-120.0065199899999,,-14210037.0770922,,GBTC,Grayscale,2025-07-31 00:00:00.000 UTC
0.0,,0.0,,BRRR,Valkyrie,2025-06-23 00:00:00.000 UTC
0.0,,0.0,,BTCW,WisdomTree,2025-07-28 00:00:00.000 UTC
0.0,,0.0,,GBTC,Grayscale,2025-07-04 00:00:00.000 UTC
70.7052947,,8350629.74011393,,HODL,VanEck,2025-07-28 00:00:00.000 UTC
0.0,,0.0,,ARKB,21Shares,2025-06-14 00:00:00.000 UTC
0.0,,0.0,,BTCW,WisdomTree,2025-07-23 00:00:00.000 UTC
0.0,0.0,0.0,0.0,IBIT,BlackRock,2025-07-27 00:00:00.000 UTC
0.0,,0.0,,BITB,Bitwise,2025-06-14 00:00:00.000 UTC
0.0,,0.0,,EZBC,Franklin Templeton,2025-07-02 00:00:00.000 UTC
3067.0758187399997,4066.1917556000008,336586050.0526844,445924935.0901132,IBIT,BlackRock,2025-06-11 00:00:00.000 UTC
0.0,,0.0,,FBTC,Fidelity,2025-06-07 00:00:00.000 UTC
69.90084732000003,,7491681.875264883,,BTC,Grayscale Mini,2025-06-30 00:00:00.000 UTC
228.41447286,,26626348.193921514,,BITB,Bitwise,2025-08-07 00:00:00.000 UTC
0.0,,0.0,,BTCW,WisdomTree,2025-06-26 00:00:00.000 UTC
2367.98546731,,278731680.95155,,ARKB,21Shares,2025-07-11 00:00:00.000 UTC
0.0,,0.0,,FBTC,Fidelity,2025-08-24 00:00:00.000 UTC
0.0,,0.0,,BRRR,Valkyrie,2025-08-13 00:00:00.000 UTC
0.0,,0.0,,FBTC,Fidelity,2025-07-04 00:00:00.000 UTC
0.0,,0.0,,BRRR,Valkyrie,2025-08-26 00:00:00.000 UTC
0.0,,0.0,,BTCO,Invesco,2025-07-07 00:00:00.000 UTC
0.0,,0.0,,HODL,VanEck,2025-07-04 00:00:00.000 UTC
304.64927701,,32736130.71200833,,BITB,Bitwise,2025-06-09 00:00:00.000 UTC
0.0,,0.0,,BTCW,WisdomTree,2025-07-09 00:00:00.000 UTC
-9.094947017729282e-13,,0.12050437927246094,,GBTC,Grayscale,2025-07-17 00:00:00.000 UTC
-180.76344736,,-21762004.777236454,,GBTC,Grayscale,2025-08-13 00:00:00.000 UTC
0.0,,0.0,,BRRR,Valkyrie,2025-07-17 00:00:00.000 UTC
158.97894666,-3488.585866810001,18308090.21747053,-403835195.2547044,IBIT,BlackRock,2025-08-01 00:00:00.000 UTC
0.0,,0.0,,GBTC,Grayscale,2025-06-28 00:00:00.000 UTC
56.56424088,,5994254.582298208,,HODL,VanEck,2025-06-13 00:00:00.000 UTC
0.0,,0.0,,ARKB,21Shares,2025-08-12 00:00:00.000 UTC
0.0,,0.0,,BRRR,Valkyrie,2025-06-28 00:00:00.000 UTC
679.90415583,,80119586.15195845,,BITB,Bitwise,2025-07-11 00:00:00.000 UTC
-48.183108479999966,,-5569238.9084940925,,ARKB,21Shares,2025-08-07 00:00:00.000 UTC
0.0,,0.0,,HODL,VanEck,2025-08-11 00:00:00.000 UTC
48.70912684,,5547677.292314961,,BTC,Grayscale Mini,2025-08-01 00:00:00.000 UTC
0.0,,0.0,,EZBC,Franklin Templeton,2025-08-09 00:00:00.000 UTC
-872.28,,-100407636.1548,,FBTC,Fidelity,2025-08-05 00:00:00.000 UTC
0.0,0.0,0.0,0.0,IBIT,BlackRock,2025-07-13 00:00:00.000 UTC
0.0,,0.0,,BRRR,Valkyrie,2025-07-25 00:00:00.000 UTC
0.0,,0.0,,EZBC,Franklin Templeton,2025-06-19 00:00:00.000 UTC
0.0,,0.0,,BTC,Grayscale Mini,2025-08-07 00:00:00.000 UTC
5.46e-06,,0.6495818784,,HODL,VanEck,2025-07-23 00:00:00.000 UTC
0.0,,0.0,,ARKB,21Shares,2025-08-31 00:00:00.000 UTC
0.0,,0.0,,HODL,VanEck,2025-06-07 00:00:00.000 UTC
0.0,,0.0,,BTC,Grayscale Mini,2025-07-19 00:00:00.000 UTC
0.0,,0.0,,BTCO,Invesco,2025-06-05 00:00:00.000 UTC
0.0,,0.0,,GBTC,Grayscale,2025-06-15 00:00:00.000 UTC
0.0,,0.0,,HODL,VanEck,2025-08-24 00:00:00.000 UTC
0.0,,0.0,,HODL,VanEck,2025-06-26 00:00:00.000 UTC
0.0,,0.0,,FBTC,Fidelity,2025-06-28 00:00:00.000 UTC
-66.41634825,,-7534360.871713616,,BTC,Grayscale Mini,2025-08-20 00:00:00.000 UTC
1431.13731542,4507.88666937,153876423.10978872,485253344.55173457,IBIT,BlackRock,2025-06-30 00:00:00.000 UTC
0.0,,0.0,,GBTC,Grayscale,2025-06-23 00:00:00.000 UTC
0.0,,0.0,,BTCO,Invesco,2025-08-08 00:00:00.000 UTC
0.0,,0.0,,EZBC,Franklin Templeton,2025-07-21 00:00:00.000 UTC
87.23877232,,10353721.702582462,,FBTC,Fidelity,2025-07-17 00:00:00.000 UTC
454.1382724599996,725.3225469899996,51400038.1993711,82036370.16676371,IBIT,BlackRock,2025-08-28 00:00:00.000 UTC
0.0,,0.0,,BTCO,Invesco,2025-06-10 00:00:00.000 UTC
0.0,,0.0,,BTCO,Invesco,2025-07-26 00:00:00.000 UTC
0.0,,0.0,,EZBC,Franklin Templeton,2025-07-08 00:00:00.000 UTC
0.0,,0.0,,BTCW,WisdomTree,2025-08-16 00:00:00.000 UTC
0.0,,0.0,,GBTC,Grayscale,2025-09-01 00:00:00.000 UTC
43.50635807999993,,5178793.395602509,,BITB,Bitwise,2025-08-12 00:00:00.000 UTC
70.7052997,,7484148.902715029,,HODL,VanEck,2025-06-03 00:00:00.000 UTC
-99.72071460000001,,-10440638.156555336,,ARKB,21Shares,2025-06-13 00:00:00.000 UTC
0.0,,0.0,,EZBC,Franklin Templeton,2025-07-12 00:00:00.000 UTC
115.12687212,,13808449.437975738,,BTC,Grayscale Mini,2025-08-11 00:00:00.000 UTC
-84.77571238,,-9733225.006402124,,BRRR,Valkyrie,2025-08-05 00:00:00.000 UTC
0.0,,0.0,,BRRR,Valkyrie,2025-07-16 00:00:00.000 UTC
-1823.1750585900002,,-190726749.8470685,,ARKB,21Shares,2025-06-18 00:00:00.000 UTC
0.0,,0.0,,HODL,VanEck,2025-07-19 00:00:00.000 UTC
0.0,,0.0,,BITB,Bitwise,2025-06-05 00:00:00.000 UTC
0.0,,0.0,,HODL,VanEck,2025-07-31 00:00:00.000 UTC
0.0,,0.0,,EZBC,Franklin Templeton,2025-08-05 00:00:00.000 UTC
0.0,,0.0,,EZBC,Franklin Templeton,2025-07-17 00:00:00.000 UTC
0.0,,0.0,,BTCW,WisdomTree,2025-07-16 00:00:00.000 UTC
106.281882,,12456377.92530306,,BTC,Grayscale Mini,2025-07-15 00:00:00.000 UTC
259.20673938,,30588118.041168053,,ARKB,21Shares,2025-07-28 00:00:00.000 UTC
0.0,,0.0,,BRRR,Valkyrie,2025-07-02 00:00:00.000 UTC
0.0,,0.0,,BITB,Bitwise,2025-07-20 00:00:00.000 UTC
-2.1362415700000383,,-234526.09880453348,,EZBC,Franklin Templeton,2025-07-10 00:00:00.000 UTC
0.0,,0.0,,EZBC,Franklin Templeton,2025-06-14 00:00:00.000 UTC
0.0,,0.0,,BTCO,Invesco,2025-07-30 00:00:00.000 UTC
0.0,,0.0,,BTCW,WisdomTree,2025-08-20 00:00:00.000 UTC
0.0,,0.0,,FBTC,Fidelity,2025-07-27 00:00:00.000 UTC
0.0,,0.0,,BTCO,Invesco,2025-08-12 00:00:00.000 UTC
-94.45107239999999,,-10280485.41690614,,GBTC,Grayscale,2025-07-08 00:00:00.000 UTC
610.8174142,,66915537.531914674,,FBTC,Fidelity,2025-06-11 00:00:00.000 UTC
-999.2473079999999,,-104907050.45381863,,ARKB,21Shares,2025-06-06 00:00:00.000 UTC
130.81982052,,14758612.042325092,,FBTC,Fidelity,2025-08-28 00:00:00.000 UTC
0.0,,0.0,,FBTC,Fidelity,2025-08-09 00:00:00.000 UTC
0.0,,0.0,,HODL,VanEck,2025-06-15 00:00:00.000 UTC
0.0,,0.0,,EZBC,Franklin Templeton,2025-08-31 00:00:00.000 UTC
0.0,,0.0,,EZBC,Franklin Templeton,2025-07-30 00:00:00.000 UTC
75.27959652,,8857965.687496927,,BTC,Grayscale Mini,2025-07-28 00:00:00.000 UTC
0.0,,0.0,,EZBC,Franklin Templeton,2025-06-15 00:00:00.000 UTC
0.0,,0.0,,EZBC,Franklin Templeton,2025-09-01 00:00:00.000 UTC
0.0,,0.0,,HODL,VanEck,2025-08-20 00:00:00.000 UTC
0.0,,0.0,,BRRR,Valkyrie,2025-07-21 00:00:00.000 UTC
0.0,,0.0,,GBTC,Grayscale,2025-08-10 00:00:00.000 UTC
0.0,,0.0,,BTC,Grayscale Mini,2025-06-26 00:00:00.000 UTC
141.43243088000008,,14895113.455710083,,BITB,Bitwise,2025-06-24 00:00:00.000 UTC
0.0,,0.0,,BITB,Bitwise,2025-08-03 00:00:00.000 UTC
0.0,,0.0,,BTCO,Invesco,2025-07-27 00:00:00.000 UTC
0.0,,0.0,,BTCW,WisdomTree,2025-08-01 00:00:00.000 UTC
-255.92185638000012,,-27570797.540536687,,ARKB,21Shares,2025-07-02 00:00:00.000 UTC
0.0,,0.0,,BTCO,Invesco,2025-08-22 00:00:00.000 UTC
0.0,,0.0,,EZBC,Franklin Templeton,2025-06-28 00:00:00.000 UTC
136.00794757,,14328848.0217692,,BITB,Bitwise,2025-06-04 00:00:00.000 UTC
588.70084662,,64964074.18282764,,FBTC,Fidelity,2025-08-26 00:00:00.000 UTC
0.0,,0.0,,BTCW,WisdomTree,2025-06-20 00:00:00.000 UTC
0.0,,0.0,,BRRR,Valkyrie,2025-08-17 00:00:00.000 UTC
0.0,,0.0,,BRRR,Valkyrie,2025-08-31 00:00:00.000 UTC
0.0,,0.0,,GBTC,Grayscale,2025-08-17 00:00:00.000 UTC
0.0,,0.0,,BTC,Grayscale Mini,2025-06-13 00:00:00.000 UTC
-2.0,,-241307.59999999404,,ARKB,21Shares,2025-08-11 00:00:00.000 UTC
0.0,0.0,0.0,0.0,IBIT,BlackRock,2025-06-07 00:00:00.000 UTC
295.24921152,-186.48444017000003,34847662.127314106,-21897658.87946248,IBIT,BlackRock,2025-07-31 00:00:00.000 UTC
0.0,,0.0,,BITB,Bitwise,2025-08-22 00:00:00.000 UTC
0.0,,0.0,,BTCO,Invesco,2025-08-20 00:00:00.000 UTC
89.7825952,,9815461.570243105,,BTCO,Invesco,2025-07-03 00:00:00.000 UTC
205.04538049,,23996313.32004831,,HODL,VanEck,2025-08-07 00:00:00.000 UTC
0.0,,0.0,,BTCO,Invesco,2025-08-31 00:00:00.000 UTC
1548.6650916899998,,166862105.05695036,,FBTC,Fidelity,2025-06-30 00:00:00.000 UTC
-119.73228341999999,,-12530647.97407598,,BTCO,Invesco,2025-06-06 00:00:00.000 UTC
0.0,,0.0,,EZBC,Franklin Templeton,2025-07-06 00:00:00.000 UTC
2857.6232804700003,4697.575015620001,307023217.1283466,504326351.9758368,IBIT,BlackRock,2025-06-26 00:00:00.000 UTC
0.0,,0.0,,FBTC,Fidelity,2025-06-19 00:00:00.000 UTC
0.0,,0.0,,BRRR,Valkyrie,2025-08-30 00:00:00.000 UTC
99.7224358,,10899851.70556802,,ARKB,21Shares,2025-06-10 00:00:00.000 UTC
3088.57060172,3463.37088156,370642855.8264888,415635269.43628633,IBIT,BlackRock,2025-08-11 00:00:00.000 UTC
0.0,,0.0,,FBTC,Fidelity,2025-07-13 00:00:00.000 UTC
1.092e-05,1.092e-05,1.2523395612000001,1.2523395612000001,IBIT,BlackRock,2025-08-24 00:00:00.000 UTC
0.0,,0.0,,BTCW,WisdomTree,2025-08-12 00:00:00.000 UTC
613.29891518,701.20598076,67048683.11444403,76647052.02721559,IBIT,BlackRock,2025-07-09 00:00:00.000 UTC
44.285208,,4825871.60018832,,BTC,Grayscale Mini,2025-07-09 00:00:00.000 UTC
0.0,,0.0,,EZBC,Franklin Templeton,2025-07-20 00:00:00.000 UTC
44.2772016,,5164062.420224448,,BTC,Grayscale Mini,2025-08-22 00:00:00.000 UTC
0.0,,0.0,,BRRR,Valkyrie,2025-07-29 00:00:00.000 UTC
0.0,,0.0,,HODL,VanEck,2025-06-30 00:00:00.000 UTC
931.0892686900015,550.9543757799995,112786256.32467476,66988693.97884424,IBIT,BlackRock,2025-08-13 00:00:00.000 UTC
-354.07509165,,-42043244.620616294,,GBTC,Grayscale,2025-07-16 00:00:00.000 UTC
-2964.85,,-343288299.991,,FBTC,Fidelity,2025-08-01 00:00:00.000 UTC
0.0,,0.0,,BTCO,Invesco,2025-08-18 00:00:00.000 UTC
0.0,,0.0,,GBTC,Grayscale,2025-06-19 00:00:00.000 UTC
-385.43150285,,-43116823.572649784,,ARKB,21Shares,2025-08-22 00:00:00.000 UTC
0.0,,0.0,,BITB,Bitwise,2025-08-16 00:00:00.000 UTC
1040.27580159,,112586188.84992933,,ARKB,21Shares,2025-07-07 00:00:00.000 UTC
-692.3281499200008,,-81692802.66691661,,GBTC,Grayscale,2025-07-21 00:00:00.000 UTC
0.0,,0.0,,EZBC,Franklin Templeton,2025-07-31 00:00:00.000 UTC
0.0,,0.0,,BTC,Grayscale Mini,2025-08-24 00:00:00.000 UTC
0.0,,0.0,,HODL,VanEck,2025-08-28 00:00:00.000 UTC
0.0,,0.0,,BTCW,WisdomTree,2025-07-27 00:00:00.000 UTC
0.0,,0.0,,BTCW,WisdomTree,2025-06-22 00:00:00.000 UTC
0.0,,0.0,,GBTC,Grayscale,2025-08-28 00:00:00.000 UTC
0.0,,0.0,,GBTC,Grayscale,2025-07-27 00:00:00.000 UTC
0.0,,0.0,,BRRR,Valkyrie,2025-08-09 00:00:00.000 UTC
0.0,,0.0,,HODL,VanEck,2025-07-27 00:00:00.000 UTC
0.0,,0.0,,BTC,Grayscale Mini,2025-06-07 00:00:00.000 UTC
0.0,,0.0,,BITB,Bitwise,2025-06-13 00:00:00.000 UTC
59.83044370999983,,6995578.902081788,,BITB,Bitwise,2025-07-15 00:00:00.000 UTC
0.0,,0.0,,BITB,Bitwise,2025-08-11 00:00:00.000 UTC
0.0,,0.0,,EZBC,Franklin Templeton,2025-08-24 00:00:00.000 UTC
0.0,,0.0,,BTC,Grayscale Mini,2025-08-05 00:00:00.000 UTC
0.0,,0.0,,BTCW,WisdomTree,2025-08-09 00:00:00.000 UTC
0.0,,8.446880000000874,,GBTC,Grayscale,2025-06-11 00:00:00.000 UTC
53.14334076,,5757756.796967364,,BTC,Grayscale Mini,2025-07-07 00:00:00.000 UTC
-1133.6923800000002,,-121816765.3787892,,GBTC,Grayscale,2025-07-02 00:00:00.000 UTC
0.0,,0.0,,EZBC,Franklin Templeton,2025-08-13 00:00:00.000 UTC
141.410602,,15333305.712416181,,HODL,VanEck,2025-06-11 00:00:00.000 UTC
0.0,,0.0,,BTCW,WisdomTree,2025-08-07 00:00:00.000 UTC
0.0,,0.0,,EZBC,Franklin Templeton,2025-08-26 00:00:00.000 UTC
-3.3229530199999866,,-162157.6266451682,,ARKB,21Shares,2025-08-08 00:00:00.000 UTC
0.0,,0.0,,BTC,Grayscale Mini,2025-08-16 00:00:00.000 UTC
0.0,,0.0,,BRRR,Valkyrie,2025-06-19 00:00:00.000 UTC
28.28211988,,3230020.8730955394,,HODL,VanEck,2025-08-01 00:00:00.000 UTC
0.0,,0.0,,GBTC,Grayscale,2025-08-09 00:00:00.000 UTC
0.0,,0.0,,ARKB,21Shares,2025-07-09 00:00:00.000 UTC
0.0,,0.0,,EZBC,Franklin Templeton,2025-06-07 00:00:00.000 UTC
0.0,,0.0,,BTC,Grayscale Mini,2025-07-04 00:00:00.000 UTC
0.0,,0.0,,EZBC,Franklin Templeton,2025-07-09 00:00:00.000 UTC
