Category,Market Cap,24h Volume,24h % Change
Smart Contract Platform,2353465757108.0,77352353259.0,3.89
Layer 1 (L1),2321070575251.0,74095200276.0,3.9
Proof of Work (PoW),1675077876695.0,43461480217.0,3.93
World Liberty Financial Portfolio,618785190057.0,112340278575.0,2.27
Proof of Stake (PoS),543784682864.0,27094365046.0,3.61
Made in USA,335165023766.0,36873170467.0,3.84
Stablecoins,290738594851.0,96631627272.0,0.27
USD Stablecoin,288108443149.0,96472010910.0,0.27
Fiat-backed Stablecoin,277185099133.0,94482539468.0,0.23
Exchange-based Tokens,157142604417.0,5248419072.0,3.45
Made in China,139847301569.0,1956612513.0,2.65
Alleged SEC Securities,139002363356.0,2453049517.0,2.74
Centralized Exchange (CEX) Token,124803871003.0,1539499326.0,3.21
Base Native,111300863088.0,23418911728.0,1.36
Decentralized Finance (DeFi),77142161531.0,7804420361.0,3.32
MiCA-Compliant Stablecoin,75016134185.0,20162620645.0,0.8
GENIUS Act Compliant Stablecoin,74498518433.0,20173785444.0,0.8
Real World Assets (RWA),70632479963.0,3185240093.0,2.23
CoinList Launchpad,70030157187.0,5212814665.0,2.44
Tokenized Assets,46969772887.0,2002550190.0,1.45
Privacy,44657450848.0,2562881743.0,6.66
Governance,41861260956.0,5779402724.0,4.27
Decentralized Exchange (DEX),33731430366.0,3909204938.0,4.65
Meme,32868484457.0,3616881704.0,4.39
Privacy Coins,26254298694.0,1165771048.0,8.59
Perpetuals,24684521760.0,2254917657.0,4.3
Infrastructure,22978563541.0,1732985148.0,2.4
Tokenized Private Credit,22912896189.0,354158772.0,2.24
Derivatives,21620032234.0,1978691212.0,4.84
Zero Knowledge (ZK),19610796380.0,1427412893.0,12.02
Binance Alpha Spotlight,18428208151.0,1943480583.0,0.85
Dog-Themed,18234995301.0,1295086296.0,4.22
Quantum-Resistant,17371735228.0,1082774686.0,13.35
4chan-Themed,16567323172.0,1522568922.0,4.83
Artificial Intelligence (AI),16276037128.0,1697946577.0,2.56
Privacy Infrastructure,13608497241.0,938904249.0,4.36
Elon Musk-Inspired,13599667304.0,996974039.0,4.69
Gambling (GambleFi),12655383083.0,31121601.0,1.81
Options,12271689041.0,31326576.0,2.01
Prediction Markets,12166629659.0,30970060.0,1.93
RWA Protocol,11756130820.0,672175718.0,4.75
Chain Abstraction,11560518455.0,760973694.0,4.86
YZi Labs (Prev. Binance Labs) Portfolio,11165159879.0,2663318344.0,2.32
Tokenized Treasuries,10964823513.0,703504.0,-0.08
Yield Farming,10419673748.0,1818409023.0,5.2
Cross-chain Communication,10278178676.0,682725885.0,5.09
Oracle,9782921925.0,679927372.0,4.99
x402 Ecosystem,9703243148.0,587939330.0,5.44
Layer 2 (L2),8693097874.0,1083961719.0,1.57
Automated Market Maker (AMM),8505752210.0,1647676135.0,5.49
Stablecoin Issuer,8390031893.0,1545097094.0,3.89
DePIN,7986156041.0,652734113.0,1.79
Trump-Affiliated,6793506215.0,2032885383.0,1.89
Index Coop Defi Index,6756693512.0,2026433787.0,7.31
Privacy Blockchain,6604723867.0,120657236.0,0.97
Binance Launchpool,6161522816.0,1734557076.0,2.37
Bitcoin Fork,5595300100.0,181579509.0,2.52
Tokenized Commodities,5498242179.0,433631215.0,0.92
Tokenized Gold,5203434099.0,430036783.0,0.9
Lending/Borrowing Protocols,5199598745.0,850605461.0,0.87
Launchpad,5136742213.0,755977778.0,4.0
NFT,4653388483.0,602357568.0,2.51
Directed Acyclic Graph (DAG),4502298288.0,100824574.0,2.49
Crypto-backed Stablecoin,4328211069.0,404667313.0,0.31
Tokenized Money Market Fund (MMFs),4004530570.0,0.0,0.49
Layer 0 (L0),3821207217.0,222154217.0,0.94
Solana Meme,3735861249.0,1216894714.0,7.51
Crypto Card Issuer,3604117250.0,12679477.0,2.86
Data Availability,3404555392.0,328541947.0,1.51
Gaming (GameFi),3304581020.0,490739035.0,1.46
AI Agents,3077646223.0,292357733.0,1.85
Yield-Bearing Stablecoin,2887908659.0,52854498.0,1.1
Neobank,2866127269.0,193841947.0,1.22
Payment Solutions,2853071650.0,252368458.0,7.62
Wallets,2786158382.0,102355925.0,2.17
SocialFi,2611921710.0,294338767.0,3.84
Yield-Bearing Tokens,2564650086.0,8230193.0,0.57
Binance HODLer Airdrops,2414395959.0,1004595852.0,1.52
AI Applications,2221671695.0,198680848.0,3.88
US Treasury-backed Stablecoin,2205856894.0,891561.0,0.38
Decentralized Identifier (DID),2143948512.0,222677513.0,7.94
Binance Launchpad,2103669215.0,330776724.0,1.51
Tokenized Credit,2039262527.0,0.0,-0.02
Frog-Themed,2038061158.0,458506170.0,3.52
Metaverse,1995590122.0,172723973.0,1.87
The Boy’s Club,1910338841.0,427453620.0,3.98
Tokenized Stocks,1901480482.0,959395014.0,4.76
AI Framework,1747341707.0,220720380.0,-0.08
Optimism Superchain Ecosystem,1735611677.0,276771085.0,2.85
Rollup,1723631026.0,620842953.0,1.44
Binance Wallet IDO,1722659110.0,530514109.0,1.8
Morpho Ecosystem,1712685670.0,45049366.0,-1.45
Play To Earn,1602436242.0,229442465.0,0.63
Algorithmic Stablecoin,1558856948.0,4586226.0,-0.35
Pump.fun Ecosystem,1544653905.0,249599073.0,6.45
Storage,1509031839.0,154695570.0,-1.06
Synthetic Dollar,1453707145.0,92666786.0,-0.01
Analytics,1441869380.0,314738344.0,-0.82
Liquid Staking,1385675138.0,401532634.0,2.91
Masternodes,1378392539.0,211873359.0,8.0
Restaking,1235333329.0,182640441.0,0.42
Tradable Ecosystem,1212569054.0,0.0,0.0
SideChain,1192309244.0,116705415.0,0.61
Internet of Things (IOT),1171010732.0,99540436.0,1.7
AI Agent Launchpad,1169786422.0,163148339.0,0.43
Mobile Mining,1113760135.0,7231296.0,-0.01
Bittensor Subnets,1041395893.0,41022061.0,4.39
Dex Aggregator,1010591628.0,116246972.0,2.09
Ondo Tokenized Assets,989718273.0,199354600.0,2.77
Robinhood Chain Meme,923172142.0,188822319.0,3.2
Liquid Restaking Governance Tokens,910405114.0,119726523.0,0.91
Venice Ecosystem,905185599.0,16792751.0,4.17
IP Meme,899422342.0,255745606.0,3.79
Name Service,890586776.0,33486044.0,1.17
Liquid Staking Governance Tokens,889786723.0,156849636.0,3.19
Curve Ecosystem,846234590.0,90585894.0,2.61
Cat-Themed,841479261.0,141968325.0,3.12
Gaming Blockchains,838032729.0,123596057.0,1.28
Bitcoin Sidechains,837706722.0,113516938.0,-0.53
Superstate Ecosystem,836865095.0,0.0,-1.38
DeFAI,815871225.0,70390607.0,3.9
AI Meme,804448496.0,103890337.0,4.04
PolitiFi,790916221.0,522748720.0,5.41
Airdropped Tokens by NFT Projects,785284841.0,248016511.0,2.09
Virtuals Protocol Ecosystem,778782107.0,81032108.0,2.32
Chinese Meme,758142509.0,45887470.0,19.22
EUR Stablecoin,757857374.0,117733400.0,0.21
BackedFi xStocks Ecosystem,754967303.0,95556786.0,4.23
Robotics,732146657.0,85047204.0,0.67
Four.meme Ecosystem (BNB Memes),728181308.0,64330620.0,2.36
Murad Picks,705198345.0,40081914.0,8.65
Parallelized EVM,699486503.0,72666013.0,0.49
BTCfi Protocol,668101668.0,223980325.0,3.81
Bridged-Tokens,656106252.0,2712435027.0,10.14
VPN,643703540.0,10654659.0,-0.19
Gaming Utility Token,642917006.0,124797479.0,1.67
Tokenized Exchange-Traded Product (ETPs),605901470.0,229498739.0,1.76
Tokenized Exchange-Traded Funds (ETFs),605890679.0,229497931.0,1.76
Stock market-themed,569675722.0,16154364.0,10.0
MEV Protection,550999041.0,8307575.0,3.48
Ether.fi Ecosystem,544154167.0,66583448.0,-1.12
Modular Blockchain,538916778.0,162326780.0,0.02
bStocks Ecosystem,524725406.0,285195496.0,4.98
Telegram Apps,505171597.0,77326278.0,3.18
Pons Launchpad,502965203.0,156504716.0,27.81
Entertainment,481848040.0,43545143.0,-0.57
Gaming Governance Token,464226862.0,101085880.0,1.69
RUB Stablecoin,449709774.0,4102.0,-0.09
Bridge Governance Tokens,434533078.0,74716283.0,1.07
LSDFi,420181951.0,66707167.0,3.63
Crypto-Backed Tokens,418269300.0,2445505985.0,0.14
CeFi,412592936.0,9064449.0,3.86
Buidlpad Launchpad,412462484.0,59532577.0,-4.15
Account Abstraction,386857380.0,81623547.0,7.54
Fixed Interest,377941579.0,67190888.0,3.74
Sports,365631422.0,45618183.0,0.37
Yield Aggregator,361656991.0,35002011.0,1.18
RPG,346843348.0,69050289.0,3.37
LRTfi,338441904.0,52521560.0,4.41
Yield Tokenization Protocol,336725846.0,52510008.0,4.47
Decentralized Science (DeSci),328510670.0,22955664.0,3.37
Echo Launchpad,313547378.0,113301206.0,6.5
TimeFi,299059208.0,3716819.0,-0.64
Base Meme,295960573.0,49222481.0,9.54
Midas Liquid Yield Tokens,293094219.0,0.0,0.26
Synthetic,283321020.0,39755433.0,1.3
Synthetic Issuer,283321020.0,23788115.0,-0.17
Simulation Games,282965308.0,54004543.0,0.69
Intent,275172333.0,114797203.0,2.83
Seigniorage,274354955.0,2025220.0,0.23
TokenFi Launchpad,271225834.0,25524279.0,3.8
On-chain Gaming,264624300.0,29836642.0,3.39
Tokenized Silver,261550320.0,515841.0,1.27
Yield Optimizer,253618215.0,10027222.0,3.34
BONK.fun Ecosystem,251306548.0,130064645.0,50.18
InfoFi,244878224.0,174653984.0,3.22
Bank-Issued Stablecoin,236702876.0,145772338.0,1.74
Metagovernance,218031674.0,8280467.0,2.95
Gaming Platform,216068664.0,86270898.0,0.28
Communication,209289329.0,57429952.0,12.3
Card Games,208461232.0,30098566.0,0.8
Avalanche L1,190527405.0,16102625.0,2.61
Parody Meme,189984603.0,15982102.0,29.64
NFT Marketplace,189644999.0,31348830.0,1.48
Trading Card RWA Platform,188933582.0,15854827.0,-9.84
Breeding,188135613.0,24904318.0,1.65
Terminal of Truths,186056619.0,41217041.0,5.89
Synthetic Asset,185560719.0,10072177.0,-0.4
Axie Infinity Ecosystem,184262932.0,25403859.0,0.61
Wojak-Themed,183600100.0,8626810.0,14.98
Insurance,182686588.0,7779076.0,-1.05
Cybersecurity,170789224.0,16399488.0,-1.16
Rollups-as-a-Service (RaaS),163331152.0,56664117.0,-0.31
Quest-to-Earn,159675027.0,3634146.0,2.05
JPY Stablecoin,159197407.0,166417.0,0.81
Hybrid Token Standards,157870708.0,7272163.0,14.35
Inscriptions,152694604.0,28930962.0,2.4
Securitize Ecosystem,151115854.0,0.0,-1.55
Appchains,150993380.0,25164322.0,1.59
Runes,150916122.0,1608536.0,7.78
Bitcoin Meme,148219874.0,1597381.0,8.75
Trading Bots,148202305.0,19136157.0,10.57
Fan Token,147588088.0,18654902.0,0.97
Unitas Ecosystem,147166211.0,20481550.0,-4.1
Gaming Marketplace,143078181.0,28505543.0,0.32
Yearn Ecosystem,140953661.0,36451246.0,1.61
Impossible Finance Launchpad,137518711.0,10077075.0,-0.25
NFTFi,133587292.0,15898801.0,2.13
TON Meme,132640010.0,11168609.0,-2.88
Celebrity-Themed,131342912.0,7102455.0,6.21
Nest Ecosystem,115080290.0,0.0,3.78
Robinhood Chain Stocks Ecosystem,112077648.0,580802283.0,15.42
Ansem.io Ecosystem,111705114.0,24990857.0,11.59
Tokenized Real Estate,111367845.0,3524143.0,5.29
Prediction Market Tools,110528979.0,25538916.0,5.34
Zoo-Themed,110351426.0,21304963.0,2.34
BRC-20,109666738.0,28312843.0,2.52
Arcade Games,105984028.0,13352377.0,1.87
Energy,105387673.0,3166739.0,0.83
Music,103752988.0,4037600.0,2.51
Capital Launchpad (Kaito),101590901.0,31039468.0,0.15
Bridged Stablecoin,101268180.0,1708838930.0,8.86
Bridged DAI,101268180.0,92292309.0,8.86
Tap to Earn,96872142.0,36224576.0,1.14
Layer 3 (L3),85303239.0,27200789.0,1.59
Clanker Ecosystem,82764866.0,5471561.0,0.46
Retail,82517666.0,6027817.0,0.24
Charity,79578211.0,5518072.0,7.58
IP,78924394.0,4043781.0,0.51
Olympus Pro Ecosystem,77643115.0,8363504.0,-0.83
DaoMaker Launchpad,77489988.0,18698236.0,3.83
Farcaster Ecosystem,76976226.0,3892400.0,7.36
TikTok Meme,76596421.0,17616289.0,9.51
Legal,65556549.0,1235724.0,0.04
Regenerative Finance (ReFi),64012877.0,750751.0,1.35
Education,63195252.0,23077355.0,2.62
E-commerce,62888167.0,2232236.0,1.96
Marketing,59681077.0,3633282.0,1.44
Solana Token-2022,57527542.0,2354925.0,13.5
Tokenized Pre-IPO Stocks,56915481.0,5453463.0,4.04
Healthcare,53343313.0,1982284.0,-2.59
Adventure Games,52410341.0,14492923.0,-1.64
MMO,51654395.0,16012029.0,4.32
Memorial Themed,49522112.0,10238737.0,1.62
Binance Megadrop,48772869.0,21588996.0,2.97
Tourism,48686003.0,11951973.0,-8.89
CHF Stablecoin,48445884.0,765701.0,0.94
Action Games,46296755.0,4914735.0,8.03
Baseline Ecosystem,41187492.0,2.0,6.41
Game Studio,40918059.0,9037248.0,0.59
Binance Buildkey TGE,40721328.0,52892507.0,-0.99
Move To Earn,40313672.0,13190591.0,0.98
Strategy Games,40200677.0,20073898.0,2.29
Poolz Finance Launchpad,40026763.0,3923270.0,2.27
Discord Bots,39529663.0,5435266.0,1.96
Rebase Tokens,39053390.0,26774.0,-1.94
Republic Tokenized Pre-IPO Assets,38769158.0,2162750.0,5.78
Augmented Reality,37968949.0,785561.0,-6.17
Liquid Staking Tokens,35312967.0,232690656.0,4.11
Ohm Fork,35200373.0,19629.0,-2.56
DeFi Index,29318540.0,996846.0,0.43
ChainGPT Launchpad,28962007.0,5295326.0,2.33
Mascot-Themed,28503342.0,6733112.0,32.9
Anime-Themed,28190540.0,5311880.0,2.15
Sports Games,27464614.0,12325089.0,-8.17
GBP Stablecoin,27192228.0,93696.0,-0.82
MetaDAO Launchpad,26102778.0,427602.0,-2.8
Sticker-Themed Coins,25711374.0,547443.0,-15.28
Backpack Securities Ecosystem,24610039.0,15635867.0,5.11
Guild and Scholarship,24585534.0,4029724.0,-0.38
Wrapped-Tokens,23760153.0,3728519959.0,0.81
Shooting Games,20752230.0,3491806.0,1.8
Hookr.fun Ecosystem,19673451.0,7531057.0,36.42
Pump Fund Portfolio,19356163.0,723919.0,-8.23
Yield Tokenization Product,17637204.0,0.0,-0.16
Decentralized Social Media (DeSOC),17413477.0,4021.0,5.38
PreStocks Ecosystem,16257936.0,2190127.0,0.56
Dinari Ecosystem,16217477.0,1011458.0,3.07
Believe.app Ecosystem,16018715.0,713831.0,12.21
Cookie Launchpad,14954905.0,1067402.0,1.91
Fractionalized NFT,14162083.0,588674.0,2.11
Jupiter DTF Launchpad,14102499.0,863954.0,1.77
Bankr Ecosystem,13920898.0,3996432.0,4.52
SGD Stablecoin,12755469.0,476588.0,0.33
NFT Strategy Flywheel,12173051.0,132106.0,13.42
Wall Street Bets Themed,12168063.0,1419817.0,4.19
Pools Launchpad,12050693.0,4372915.0,-8.29
NFTStrategy Ecosystem,11961314.0,131454.0,13.37
Desci Meme,11339981.0,2345877.0,2.67
Virtual Reality,11250100.0,984432.0,-19.72
IDR Stablecoin,10732655.0,10257.0,1.64
Reality Ecosystem,10628225.0,434616.0,5.89
Sui Meme,10617383.0,2097304.0,2.71
Commodities Meme,10300660.0,262625.0,0.29
AUD Stablecoin,9909400.0,187261.0,-5.86
Metals.io Ecosystem,9122024.0,657808.0,1.27
Tokenized Uranium,9122024.0,657808.0,1.27
Racing Games,9057743.0,117936.0,2.96
TRON Meme,8851655.0,1579507.0,12.29
Uniswap v4 Hooks,8613756.0,2782636.0,14.83
Coinbase Ecosystem,8449366.0,20594092.0,-2.36
TokenSets Ecosystem,7503299.0,17841.0,-9.56
PAAL AI Launchpad,6588428.0,900462.0,9.93
NFT Launchpad,6464645.0,13148.0,4.18
Dominion Market Ecosystem,6042692.0,96141.0,1.07
CNY Stablecoin,5767176.0,32.0,-0.65
Camelot Launchpad,5571113.0,20833.0,3.42
Sun Pump Ecosystem,5009964.0,1428189.0,25.84
Country-Themed Meme,4782473.0,67112.0,-10.25
CreatorBid Ecosystem,4542688.0,57471.0,8.17
Reserve Ecosystem,3920898.0,211611.0,70.7
Gotchiverse,3316698.0,1801302.0,2.49
Moonshot Ecosystem,3154451.0,76499.0,16.51
Moltbook and Openclaw-Themed,3074322.0,1782878.0,6.77
Zora Creator,2914129.0,98582.0,-7.06
Animal Racing,2486474.0,17774.0,-20.46
Pump.fun Creator,2452846.0,65758.0,30.18
Yoink.fun Launchpad,2430046.0,311731.0,9.92
Commodity-backed Stablecoin,2199348.0,61234.0,0.97
Leveraged Token,2184475.0,175765.0,7.74
BagsApp Ecosystem,2165865.0,91050.0,-22.18
Market-Making Solution,1932583.0,145587.0,8.36
Tessera Tokenized Pre-IPO Assets,1888386.0,822463.0,0.13
DRC-20,1709165.0,95.0,8.41
Orynth Ecosystem,1583124.0,13273.0,0.49
Zodiac-Themed,1382436.0,52999.0,-21.98
TRY Stablecoin,1380818.0,22.0,-0.52
Anchored Ecosystem,1041869.0,0.0,0.56
ERC 404,1024353.0,522.0,-9.95
Christmas Themed,991200.0,54165.0,10.3
Fighting Games,954020.0,234546.0,-8.92
America.fun Launchpad,947690.0,459525.0,-3.03
KRW Stablecoin,856851.0,30567.0,0.0
Decentralized Lottery,677875.0,1315.0,55.82
SPL22,631481.0,210.0,0.59
topblast.lol Ecosystem,630633.0,35188.0,-19.04
Remora Markets Tokenized rStocks,483465.0,132.0,0.38
ST0x Ecosystem,471463.0,2649740.0,-10.44
daos.fun Ecosystem,466264.0,4138.0,68.11
Pools.fun Ecosystem,465545.0,134921.0,18.19
RealT Tokens,440248.0,2.0,2.92
Pump Science Ecosystem,403509.0,2651.0,6.71
NFT Index,397648.0,2803.0,2.82
Kommunitas Launchpad,338698.0,7044.0,4.63
HyperXpad Launchpad,331057.0,505464.0,124.27
OpenServ Ecosystem,267713.0,28067.0,25.48
Emoji-Themed,265454.0,3353.0,23.89
Tokenized Non-US Government Securities,244994.0,1744.0,15.96
Etherfuse Ecosystem,244994.0,1744.0,15.96
ERC20i,232805.0,136.0,2.84
aarna Vault Tokens,225620.0,0.0,-0.0
STX.CITY Ecosystem,223971.0,5.0,1.84
MXN Stablecoin,215334.0,636.0,278.33
Eigenpie Ecosystem,195702.0,689.0,1.02
Privacy Browser,186210.0,81.0,-9.48
Flaunch Ecosystem,151947.0,1131.0,14.15
Spore.fun Ecosystem,136285.0,9.0,2.53
Duck-Themed,122807.0,704.0,-39.61
Charms Ecosystem,114960.0,2.0,-0.21
Reddit Points,96539.0,80.0,1.4
Farming Games,83546.0,106.0,
Time.fun Ecosystem,73632.0,1563.0,3.52
Farming-as-a-Service (FaaS),70626.0,0.0,0.0
Recruitment,60316.0,27617.0,0.09
Kumbaya Launchpad,57570.0,694.0,9.34
Surge Launchpad,52021.0,101.0,0.01
Printr Launchpad,47838.0,2553.0,-1.15
ETF,13389.0,4649.0,-0.38
Tokenized Closed-End Funds (CEFs),323.0,10.0,0.0
NFT Lending/Borrowing,0.0,1908962.0,
Liquid Restaked SOL,0.0,5880.0,
Liquid Restaked ETH,0.0,18534.0,
Bridged WAVAX,0.0,617.0,
Bridged WBNB,0.0,3540.0,
Strata Ecosystem,0.0,241.0,
Neverland Ecosystem,0.0,4816911.0,
Venus Ecosystem,0.0,0.0,
Fluid Ecosystem,0.0,16.0,
AquaBank Ecosystem,0.0,737641.0,
Aktionariat Ecosystem,0.0,311807.0,
Bridged WETH,0.0,668543273.0,
Bridged WBTC,0.0,98815513.0,
Bridged USDT,0.0,1343382806.0,
 DN-404,0.0,2.0,
Bridged USDC,0.0,245916733.0,
BitStarters Launchpad,0.0,1.0,
Liquid Staked SOL,0.0,46988611.0,
Liquid Staked ETH,0.0,52721813.0,
Liquid Restaking Tokens,0.0,10546280.0,
SRC-20,0.0,1235.0,
Liquid Staked APT	,0.0,634.0,
Multiplier Denominated Tokens,0.0,2353301.0,
Liquid Staked HYPE	,0.0,11261623.0,
Hyperunit Ecosystem,0.0,117221847.0,
Tower Defense Games,0.0,104.0,
Liquid Staked BTC,0.0,2172169.0,
Liquid Staked SUI,0.0,232219.0,
Binance-Peg Tokens,0.0,70399192.0,
Bridged wstETH,0.0,5443740.0,
Bridged FRAX,0.0,18545.0,
Yearn Vault Tokens,0.0,0.0,
Wormhole Assets,0.0,52123321.0,
LP Tokens,0.0,7730126.0,-100.0
Aave Tokens,0.0,1581399.0,
Compound Tokens,0.0,0.0,
Tokenized BTC,0.0,527246536.0,
Klever Ecosystem,,,
Horizen Ecosystem,,,
Zama Gateway Mainnet Ecosystem,,,
Axiome Chain Ecosystem,,,
Canton Ecosystem,,,
KiteAI Ecosystem,,,
EVRmore Ecosystem,,,
Constellation Network Ecosystem,,,
Krown Network Ecosystem,,,
ENI Ecosystem,,,
ValueChain Ecosystem,,,
GRX Chain Ecosystem,,,
Learn to Earn,,,
Mantra EVM Ecosystem,,,
COTI Ecosystem,,,
Bittensor EVM Ecosystem,,,
Henesys Ecosystem,,,
Stable Ecosystem,,,
Areum Network Ecosystem,,,
BOB Network Ecosystem,,,
Tokenized Bank Deposit,,,
Monad Ecosystem,,,
CarrChain Ecosystem,,,
PLAYA3ULL Games Ecosystem,,,
Gate Fun Ecosystem,,,
MegaETH Ecosystem,,,
GateLayer Ecosystem,,,
0g Ecosystem,,,
Winr Ecosystem,,,
Superposition Ecosystem,,,
Nibiru Ecosystem,,,
Xone Ecosystem,,,
CrossFi Ecosystem,,,
Odyssey Ecosystem,,,
Lamina1 Ecosystem,,,
Plasma Ecosystem,,,
BESC HyperChain Ecosystem,,,
Somnia Ecosystem,,,
Codex Ecosystem,,,
Eventum Ecosystem,,,
HashKey Chain Ecosystem,,,
Goat Ecosystem,,,
Kinto Ecosystem,,,
Bayblon Genesis Ecosystem,,,
Dungeon Chain Ecosystem,,,
DMEX Ecosystem,,,
Opinions.fun Ecosystem,,,
GUNZ Ecosystem,,,
TAC Ecosystem,,,
Glue Ecosystem,,,
MemeCore Ecosystem,,,
Quai Network Ecosystem,,,
Botanix Ecosystem,,,
Mezo Ecosystem,,,
Katana Ecosystem,,,
XRPL EVM Ecosystem,,,
Humanode Ecosystem,,,
IOTA Ecosystem,,,
Provenance Ecosystem,,,
Movement Ecosystem,,,
Peaq Ecosystem,,,
Hemi Ecosystem,,,
Reactive Network Ecosystem,,,
Hydration Ecosystem,,,
Haven1 Ecosystem,,,
Plume Network Ecosystem,,,
Voi Network Ecosystem,,,
Lens Ecosystem,,,
Supra Ecosystem,,,
Initia Ecosystem,,,
Cookie Chain Ecosystem,,,
 Puzzle Games,,,
Ziliqa EVM Ecosystem,,,
Sonic SVM Ecosystem,,,
SX Rollup Ecosystem,,,
Graphite Network Ecosystem,,,
Zero Network Ecosystem,,,
BOT Chain Ecosystem,,,
DeepBrain Chain Ecosystem,,,
Superseed Ecosystem,,,
Saga Ecosystem,,,
Electroneum Ecosystem,,,
EDU Chain Ecosystem,,,
Redbelly Network Ecosystem,,,
Pundi AIFX Omnilayer Ecosystem,,,
ICB Network Ecosystem,,,
Corn Ecosystem,,,
Anubis Ecosystem,,,
HyperEVM Ecosystem,,,
Story Ecosystem,,,
Unichain Ecosystem,,,
HeLa Ecosystem,,,
Artela Ecosystem,,,
Shido Network Ecosystem,,,
Mantra Ecosystem,,,
Lisk Ecosystem,,,
Soneium Ecosystem,,,
Titanchain Ecosystem,,,
Vana Ecosystem,,,
Swellchain Ecosystem,,,
Ink Ecosystem,,,
Abstract Ecosystem,,,
Fluent Ecosystem,,,
Parex Network Ecosystem,,,
Tea Ecosystem,,,
Igra Ecosystem,,,
ADI Chain Ecosystem,,,
HKD Stablecoin,,,
Unit0 Network Ecosystem,,,
DuckChain Ecosystem,,,
AirDAO Ecosystem,,,
RSS3 VSL Ecosystem,,,
Eclipse Ecosystem,,,
Defiverse Ecosystem,,,
BSquared Network Ecosystem,,,
Laika Ecosystem,,,
Wax Ecosystem,,,
Kroma Ecosystem,,,
Bittensor Ecosystem,,,
Gravity L1 Ecosystem,,,
Morph L2 Ecosystem,,,
ApeChain Ecosystem,,,
Taraxa Ecosystem,,,
Zenon Ecosystem,,,
World Chain Ecosystem,,,
8Bit Chain Ecosystem,,,
NFT Aggregator,,,
NFT AMM,,,
FONChain Ecosystem,,,
Qubic Ecosystem,,,
QL1 Ecosystem,,,
Kaspa Ecosystem,,,
Flow EVM Ecosystem,,,
Onchain Ecosystem,,,
Redstone Ecosystem,,,
PlatON Network Ecosystem,,,
Elysium Ecosystem,,,
Combo Ecosystem,,,
Larissa Ecosystem,,,
inEVM Ecosystem,,,
MultiVAC Ecosystem,,,
Alveychain Ecosystem,,,
GraphLinq Ecosystem,,,
DefiMetaChain Ecosystem,,,
MaxxChain Ecosystem,,,
Lung Ecosystem,,,
Moonchain Ecosystem,,,
ENULS Ecosystem,,,
Qitmeer Network Ecosystem,,,
Mint Ecosystem,,,
Jibchain Ecosystem,,,
Ham Ecosystem,,,
Sei Network Ecosystem,,,
Q Mainnet Ecosystem,,,
SHIFT Ecosystem,,,
OpenStock Ecosystem,,,
Cronos zkEVM Ecosystem,,,
ZIGChain Ecosystem,,,
Rari Ecosystem,,,
Gensyn Ecosystem,,,
Zircuit Ecosystem,,,
XT Smart Chain Ecosystem,,,
ASC-20,,,
Index Coop Metaverse Index,,,
Etherlink Ecosystem,,,
Zano Ecosystem,,,
Mainnetz Ecosystem,,,
Cyber Ecosystem,,,
Saakuru Ecosystem,,,
ILS Stablecoin,,,
AlienX Ecosystem,,,
IOTA EVM Ecosystem,,,
Genesys Network Ecosystem,,,
Haqq Network Ecosystem,,,
Vyvo Smart Chain Ecosystem,,,
Sonic Ecosystem,,,
Boba BNB Ecosystem,,,
Nahmii Ecosystem,,,
Hyperliquid Ecosystem,,,
Vanar Chain Ecosystem,,,
UTON Ecosystem,,,
Aelf Ecosystem,,,
Endurance Ecosystem,,,
Zedxion Ecosystem,,,
Re.al Ecosystem,,,
Omnia Ecosystem,,,
Sanko Ecosystem,,,
BounceBit Ecosystem,,,
Ancient8 Ecosystem,,,
Massa Ecosystem,,,
Oasis Sapphire Ecosystem,,,
Oasys Ecosystem,,,
Astar zkEVM Ecosystem,,,
X Layer Ecosystem,,,
DFK Chain Ecosystem,,,
Songbird Ecosystem,,,
Hydra Ecosystem,,,
VeChain Ecosystem,,,
Proof of Memes Ecosystem,,,
ThunderCore Ecosystem,,,
Bitrock Ecosystem,,,
Migaloo Ecosystem,,,
Fraxtal Ecosystem,,,
NEO Ecosystem,,,
Rootstock Ecosystem,,,
SmartBCH Ecosystem,,,
Elastos Smart Contract Chain Ecosystem,,,
Boba Network Ecosystem,,,
Syscoin NEVM Ecosystem,,,
BitTorrent Ecosystem,,,
Kucoin Community Chain Ecosystem,,,
opBNB Ecosystem,,,
LightLink Ecosystem,,,
Ethereum Classic Ecosystem,,,
Meter Ecosystem,,,
Wanchain Ecosystem,,,
Conflux Ecosystem,,,
ShimmerEVM Ecosystem,,,
Waves Ecosystem,,,
Flare Network Ecosystem,,,
EOS Ecosystem,,,
GalaChain Ecosystem,,,
Venom Ecosystem,,,
Skale Ecosystem,,,
Bahamut Ecosystem,,,
Oasis Emerald Ecosystem,,,
Viction Ecosystem,,,
OKT Chain Ecosystem,,,
Fuse Ecosystem,,,
Telos Ecosystem,,,
Astar Ecosystem,,,
Secret Ecosystem,,,
Milkomeda (Cardano) Ecosystem,,,
Terra Classic Ecosystem,,,
Huobi ECO Chain Ecosystem,,,
Evmos Ecosystem,,,
Polygon zkEVM Ecosystem,,,
Sora Ecosystem,,,
Energi Ecosystem,,,
Dogechain Ecosystem,,,
XRP Ledger Ecosystem,,,
Archway Ecosystem,,,
Aurora Ecosystem,,,
Core Ecosystem,,,
Oraichain Ecosystem,,,
zkLink Nova Ecosystem,,,
AED Stablecoin,,,
Pharos Ecosystem,,,
BEVM Ecosystem,,,
Bitlayer Ecosystem,,,
Atomicals (ARC-20),,,
Zora Ecosystem,,,
Flow Ecosystem,,,
Stacks Ecosystem,,,
Chromia Ecosystem,,,
Lukso Ecosystem,,,
Bitgert Ecosystem,,,
Mode Ecosystem,,,
Degen Ecosystem,,,
Beam Ecosystem,,,
Chiliz Ecosystem,,,
WEMIX Ecosystem,,,
Blast Ecosystem,,,
Merlin Chain Ecosystem,,,
XAI Ecosystem,,,
Doma Ecosystem,,,
Bitcichain Ecosystem,,,
Stellar Ecosystem,,,
BeamPrivacy Ecosystem,,,
Juno Ecosystem,,,
Zerachain Ecosystem,,,
Bitkub Ecosystem,,,
Bitcoin Ecosystem,,,
Kava Ecosystem,,,
ZetaChain Ecosystem,,,
Citrea Ecosystem,,,
Berachain Ecosystem,,,
Shape Ecosystem,,,
Radix Ecosystem,,,
Ergo Ecosystem,,,
Loopring Ecosystem,,,
Apex Chain Ecosystem,,,
Scroll Ecosystem,,,
Alephium Ecosystem,,,
Hedera Ecosystem,,,
Osmosis Ecosystem,,,
Manta Network Ecosystem,,,
Neon Ecosystem,,,
Starknet Ecosystem,,,
Injective Ecosystem,,,
Kadena Ecosystem,,,
Tron Ecosystem,,,
Theta Ecosystem,,,
Immutable zkEVM Ecosystem,,,
Ronin Ecosystem,,,
TON Ecosystem,,,
Floor Protocol Tokens,,,
Kujira Ecosystem,,,
Ultron Ecosystem,,,
Shibarium Ecosystem,,,
Friend.tech Ecosystem,,,
Base Ecosystem,,,
Linea Ecosystem,,,
Mantle Ecosystem,,,
Tenet Ecosystem,,,
Sui Ecosystem,,,
Aptos Ecosystem,,,
Canto Ecosystem,,,
Chia Ecosystem,,,
Step Network Ecosystem,,,
EthereumPoW Ecosystem,,,
Internet Computer Ecosystem,,,
Kaia Ecosystem,,,
Velas Ecosystem,,,
Optimism Ecosystem,,,
Arbitrum Nova Ecosystem,,,
Metis Ecosystem,,,
Celer Network,,,
Algorand Ecosystem,,,
Cronos Ecosystem,,,
XDC Ecosystem,,,
Tezos Ecosystem,,,
MultiversX Ecosystem,,,
Ethereum Ecosystem,,,
Edgeware Ecosystem,,,
CROSS Ecosystem,,,
OEC Ecosystem,,,
Moonriver Ecosystem,,,
Cardano Ecosystem,,,
KardiaChain Ecosystem,,,
IoTeX Ecosystem,,,
Zilliqa Ecosystem,,,
Celo Ecosystem,,,
Arbitrum Ecosystem,,,
Harmony Ecosystem,,,
Fantom Ecosystem,,,
Gnosis Chain Ecosystem,,,
Near Protocol Ecosystem,,,
Polygon Ecosystem,,,
Terra Ecosystem,,,
Avalanche Ecosystem,,,
Solana Ecosystem,,,
HECO Chain Ecosystem,,,
Cosmos Ecosystem,,,
BNB Chain Ecosystem,,,
Kasplex Ecosystem,,,
Polkadot Ecosystem,,,
Tempo Ecosystem,,,
OpenGPU Mainnet Ecosystem,,,
Fogo Ecosystem,,,
Robinhood Ecosystem,,,
