Exchange,24h Volume (B USD),Trust Score,Founded Year,Country
Coinbase Exchange,17426.211635539807,10,2012,United States
Binance,97742.56798915984,10,2017,Cayman Islands
Kraken,14665.886953918081,10,2011,United States
OKX,16629.1827959486,10,2017,Seychelles
Bitget,9027.612823613343,10,2018,Seychelles
Gate,15844.7197733894,10,2013,Panama
Bitstamp by Robinhood,4016.619684884244,9,2011,Luxembourg
MEXC,14439.393243877237,9,2018,Seychelles
Crypto.com Exchange,8790.054844900673,9,2019,Malta
Bybit,16802.184323369274,9,2018,British Virgin Islands
Bitso,260.8068261104318,9,2014,Gibraltar
KuCoin,15551.332248925004,9,2017,Seychelles
Bitunix,3412.2371675017635,9,2021,Saint Vincent and the Grenadines
BingX,4421.509647798346,9,2018,British Virgin Islands
Luno,68.02276515859148,9,2013,Singapore
WhiteBIT,7991.028410776626,9,2018,Lithuania
HashKey Exchange,1051.4190957712976,9,2018,Hong Kong
Bitkub,389.63476592911115,9,2018,Thailand
Bitvavo,1683.6056669843745,8,2018,Netherlands
Bybit EU,150.13125723276727,8,2025,Austria
Bitbank,425.3899464579833,8,2016,Japan
Gemini,374.882732022437,8,2014,United States
CoinTR,1699.7980482830646,8,2022,Turkey
Bullish,11924.69464462098,8,2021,Gibraltar
Bit2Me,2627.8299278917834,8,2014,Spain
WEEX,21486.055647928457,8,2018,Singapore
LBank,20525.597444302806,8,2015,British Virgin Islands
Binance US,145.37563446027715,8,2019,United States
Bitfinex,1491.5554757058958,8,2012,British Virgin Islands
Bitcointry,175.17508596687995,8,2023,Seychelles
Ourbit,11940.409365163145,8,2020,British Virgin Islands
Coins.ph,1272.9531421259258,8,2014,Philippines
Bitazza,356.69112546851323,8,2021,Thailand
Upbit,7789.9483730993215,8,2017,South Korea
Byte Exchange,897.9961111027567,8,2021,Estonia
DigiFinex,13675.297774292641,8,2018,Seychelles
BitKan,1389.6132417247907,8,2012,British Virgin Islands
VALR,360.8300839474282,8,2018,South Africa
Toobit,18443.310233289758,8,2022,Cayman Islands
CoinW,25717.520328010203,8,2017,
Coinstore,844.1535465325005,8,2020,British Virgin Islands
Pionex,51269.68977868697,8,2019,British Virgin Islands
BitMEX,2.9279925123037596,8,2022,Seychelles
LeveX,184.1178245702545,8,2023,Panama
BitoPro,217.67905581907667,7,2018,Taiwan
Nonkyc.io,356.18291238994135,7,2023,Seychelles
BitMart,20881.343021021818,7,2017,Cayman Islands
HTX,11251.926753186854,7,2013,Seychelles
Bittime,283.6375682351436,7,2022,Indonesia
HashKey Global,4.67821658477304,7,2018,Bermuda
Bitrue,5761.222806675739,7,2018,Seychelles
Bitlo,16.051198652875303,7,2018,Turkey
bitFlyer,595.5021257156152,7,2014,Japan
itBit,57.15469766524368,7,2013,United States
GMO Coin Japan,428.6558508485656,7,2017,Japan
Max Maicoin,122.48304373813198,7,2018,Taiwan
Webot,95.01052489795944,7,2022,United States
Backpack Exchange ,167.61990019759546,7,2023,British Virgin Islands
OKJ,332.3501373677369,7,2017,Japan
Bithumb,4017.6568480501032,7,2014,South Korea
Korbit,64.4319552601606,7,2013,South Korea
Phemex,11196.296920529949,7,2019,Samoa
P2B,7276.80782193118,7,2018,Lithuania
XT.COM,14798.289278672211,7,2018,Seychelles
BYDFi,2058.8077852641964,7,2020,Canada
Ondo Stocks,433.20834868493677,7,2025,British Virgin Islands
Coinone,300.1477111024747,7,2016,South Korea
DIFX,1000.0184427887133,7,2021,Cayman Islands
GroveX,8600.545825566123,7,2022,Australia
Zoomex,4009.585407941234,7,2021,Seychelles
Koinpark,133.7889834014531,7,2023,India
Independent Reserve,86.73623078309366,7,2013,Australia
Changelly PRO,1087.8150884595568,7,2020,Seychelles
Biconomy.com,22109.76909131205,7,2019,British Virgin Islands
Deribit Spot,158.04065465277773,7,2016,Panama
CEX.IO,139.47032606808258,7,2013,United Kingdom
Tapbit,21503.18610681905,6,2019,United States
XBO.com,132.1241136027155,6,2022,Isle of Man
Tokpie,116.60777517262292,6,2018,Hong Kong
BTSE,2040.9890834863288,6,2018,Costa Rica
Coinzoom,43.487676482897434,6,2020,United States
CoinEx,797.5882585810471,6,2017,Samoa
Dex-Trade,23.655056978327625,6,2017,Seychelles
PointPay,623.8986212537078,6,2018,Saint Vincent and the Grenadines
BtcTurk | Kripto,686.8683127416042,6,2013,Turkey
KCEX,24178.45324815718,6,2021,Seychelles
Poloniex,10159.939127833468,6,2014,Seychelles
Azbit,19763.00662544692,6,2018,Seychelles
TokoCrypto,82.8771943365059,6,2017,Indonesia
EarnBIT,36.825669800887795,6,2022,Lithuania
Mercado Bitcoin,198.4632686061954,6,2013,Brazil
BitDelta,1294.1169471063238,6,2023,Vanuatu
CoinDCX,13.860563415416761,5,2018,Singapore
BloFin,9840.628070992012,5,2023,Marshall Islands
Hotcoin,25270.07477111807,5,2017,Seychelles
Hata,1.48640407257343,5,2023,Malaysia
Zaif,4.423358875017523,5,2015,Japan
Figure Markets,3034.7146000249145,5,2018,United States
Indodax,175.61192187688889,5,2014,Indonesia
BitTrade,115.06728120145964,5,2016,Japan
