Exchange,24h Volume (B USD),Trust Score,Founded Year,Country
Binance,26.407837795987717,10,2017,Cayman Islands
Bybit,4.930717321718872,10,2018,British Virgin Islands
OKX,4.900200880554975,10,2017,Seychelles
Gate,4.50118516931041,10,2013,Panama
Bitget,4.492227288358597,10,2018,Seychelles
MEXC,4.463644708509945,10,2018,Seychelles
Coinbase Exchange,3.463829831746272,10,2012,United States
Kraken,1.41619882726107,10,2011,United States
HTX,3.970970679068876,9,2013,Seychelles
Crypto.com Exchange,3.1788785379454394,9,2019,Malta
KuCoin,2.0946112166863062,9,2017,
Bullish,1.315482949233838,9,2021,Gibraltar
Bitstamp,0.4638765308996514,9,2011,Luxembourg
Gemini,0.1375941914950842,9,2014,United States
HashKey Exchange,0.09556157938673239,9,2018,Hong Kong
Backpack Exchange ,0.0927119053216256,9,2023,British Virgin Islands
Binance US,0.03129943597039115,9,2019,United States
CoinW,6.461968207072906,8,2017,United Arab Emirates
Ourbit,5.171444931334445,8,2020,British Virgin Islands
BitMart,4.536899037968285,8,2017,Cayman Islands
Coinstore,4.189696540915562,8,2020,British Virgin Islands
Toobit,3.722767425545286,8,2022,Cayman Islands
WEEX,3.6073467246198487,8,2018,Singapore
DigiFinex,3.496238681627331,8,2018,Seychelles
Upbit,2.9660539223718536,8,2017,South Korea
WhiteBIT,2.399329919332926,8,2018,Lithuania
Bitunix,1.2580956010248356,8,2021,Saint Vincent and the Grenadines
AscendEX (BitMax),1.0924166304826721,8,2018,Singapore
BingX,1.0855088627555367,8,2018,British Virgin Islands
Bitrue,0.9388875905821623,8,2018,Seychelles
CoinEx,0.3178476266908617,8,2017,Samoa
Bitfinex,0.29057346437325665,8,2012,British Virgin Islands
Tothemoon,0.2629180291849392,8,2018,Lithuania
Pionex,0.21451225386546385,8,2019,British Virgin Islands
Bitbank,0.09077864933492083,8,2016,Japan
Nonkyc.io,0.04615730554865784,8,2023,Seychelles
Indodax,0.044494667964780105,8,2014,Indonesia
Deribit Spot,0.037809297343347835,8,2016,Panama
LCX Exchange,0.03149478728231512,8,2020,Liechtenstein
Bitso,0.019422657872701168,8,2014,Gibraltar
Luno,0.01920926238153148,8,2013,Singapore
Arkham,0.010854584976232514,8,2024,Dominican Republic
Coins.ph,0.009232780340851565,8,2014,Philippines
HashKey Global,0.0012850620957731277,8,2018,Bermuda
QMall,7.369006808407369,7,2021,Lithuania
KCEX,5.261984247485863,7,2021,Seychelles
BVOX,4.307234520848623,7,2018,British Virgin Islands
LBank,4.169677237993217,7,2015,British Virgin Islands
XT.COM,3.1290479055670106,7,2018,Seychelles
Biconomy.com,2.9926978917982248,7,2019,British Virgin Islands
P2B,2.022837689985926,7,2018,Lithuania
Bithumb,1.6942212510161447,7,2014,South Korea
Hotcoin,1.5625783474359365,7,2017,Seychelles
Hibt,1.4422529386675198,7,2021,Canada
Phemex,0.7493369044470649,7,2019,Singapore
PointPay,0.5506419281680175,7,2018,Saint Vincent and the Grenadines
OrangeX,0.536599228786565,7,2021,Seychelles
BitDelta,0.43487243014595467,7,2023,Vanuatu
Bitvavo,0.3754411151459108,7,2018,Netherlands
BTSE,0.3601004436920292,7,2018,British Virgin Islands
BYDFi,0.3465274610663967,7,2020,
Dex-Trade,0.32460883719032974,7,2019,Belize
CoinTR,0.22953556012035353,7,2022,Turkey
bitFlyer,0.10119442335317459,7,2014,Japan
CoinCatch,0.1008832236592588,7,2022,British Virgin Islands
bitcastle,0.09674370949411178,7,2019,Lithuania
Bitkub,0.09382173311081922,7,2018,Thailand
EXMO,0.06993875534662819,7,2014,Poland
Max Maicoin,0.05185876695094186,7,2018,Taiwan
CEX.IO,0.048766802203698355,7,2013,United Kingdom
Korbit,0.027941898384773317,7,2013,South Korea
Tokenize,0.025343501956541555,7,2018,Singapore
Kanga,0.021326290474173833,7,2018,Belize
EarnBIT,0.01989350041979013,7,2022,Lithuania
WOO X,0.017632705242103218,7,2019,Seychelles
Independent Reserve,0.0113329357221844,7,2013,Australia
Nami Exchange,0.009340322779704998,7,2017,Singapore
OKJ,0.008885354652169176,7,2017,Japan
VALR,0.007666301948302968,7,2018,South Africa
Foxbit,0.006246448003875551,7,2014,Brazil
Bitcointry,0.004222034939702001,7,2023,Seychelles
Bitlo,0.0023958888991636347,7,2018,Turkey
Cryptal,0.0016585739709644492,7,2020,Georgia
BitMEX,0.0002867231058624143,7,2022,Seychelles
Hyperliquid,3.4960409495599665,6,2024,Cayman Islands
GroveX,2.541599197655239,6,2022,Australia
Deepcoin,2.455639828835652,6,2018,Seychelles
Zoomex,1.5445757773154987,6,2021,Seychelles
Slex,1.4215974392121065,6,2023,Costa Rica
Uniswap V3 (Ethereum),1.2207140182217964,6,2018,
BigONE,1.1436494481604855,6,2017,Seychelles
Icrypex,1.1067452349838434,6,2018,Turkey
Trubit,0.6464752436854273,6,2022,British Virgin Islands
Uniswap V3 (Arbitrum One),0.6426581537060582,6,2021,
BloFin,0.6022654958131691,6,2023,Marshall Islands
Azbit,0.5794159678830062,6,2018,Seychelles
PancakeSwap V3 (Base),0.48542669129444627,6,2023,
Uniswap V3 (BSC),0.4673538914263847,6,2023,
Raydium (CLMM),0.3801993403458084,6,2022,
SAFEbit,0.3172378499806117,6,2018,Turkey
